host_timestamp,device_timestamp,steps,raw_magnitude,filtered_magnitude,last_buzz,datetime
1770388403.310021,30.0,0,1.083222508430481,0.040192071348428726,,2026-02-06 08:33:23.310021
1770388419.104684,45.0,0,1.0538296699523926,0.04636066034436226,,2026-02-06 08:33:39.104684
1770388433.621901,60.0,0,1.036394715309143,0.03854115307331085,,2026-02-06 08:33:53.621901
1770388448.460685,75.0,0,1.0455375909805298,0.04739948362112045,,2026-02-06 08:34:08.460685
1770388464.00892,90.0,0,1.053364634513855,0.05147961154580116,,2026-02-06 08:34:24.008920
1770388478.565686,105.0,0,1.0383033752441406,0.04153164103627205,,2026-02-06 08:34:38.565686
1770388483.068803,109.0,1,1.6929551362991333,0.30973294377326965,,2026-02-06 08:34:43.068803
1770388484.024152,110.0,1,1.0293701887130737,0.025720903649926186,,2026-02-06 08:34:44.024152
1770388485.032753,111.0,1,1.104831576347351,0.04923906922340393,,2026-02-06 08:34:45.032753
1770388486.045141,112.0,1,1.383049488067627,0.21173134446144104,,2026-02-06 08:34:46.045141
1770388487.074645,113.0,1,1.0974311828613281,0.06923078000545502,,2026-02-06 08:34:47.074645
1770388488.091744,114.0,1,1.0638585090637207,0.055115390568971634,,2026-02-06 08:34:48.091744
1770388489.138638,115.0,1,0.9449152946472168,0.0006389584741555154,,2026-02-06 08:34:49.138638
1770388490.228366,116.0,1,0.968665599822998,-0.02800580859184265,,2026-02-06 08:34:50.228366
1770388491.092844,117.0,1,0.9622644782066345,-0.04105866327881813,,2026-02-06 08:34:51.092844
1770388493.089359,118.0,1,0.9598755240440369,-0.022681891918182373,,2026-02-06 08:34:53.089359
1770388507.236678,133.0,1,0.9328043460845947,-0.04974385350942612,,2026-02-06 08:35:07.236678
1770388522.18187,148.0,1,0.9475573897361755,-0.035044580698013306,,2026-02-06 08:35:22.181870
1770388537.373142,163.0,1,1.0519325733184814,0.05560719966888428,,2026-02-06 08:35:37.373142
1770388552.235987,178.0,1,1.0322233438491821,0.04214160516858101,,2026-02-06 08:35:52.235987
1770388567.177379,193.0,1,0.9780500531196594,0.006130095571279526,,2026-02-06 08:36:07.177379
1770388582.177406,208.0,1,1.0355607271194458,-0.03470620512962341,,2026-02-06 08:36:22.177406
1770388597.23648,223.0,1,1.0525307655334473,0.04491729661822319,,2026-02-06 08:36:37.236480
1770388612.299167,238.0,1,1.0300538539886475,0.04466314986348152,,2026-02-06 08:36:52.299167
1770388627.301283,253.0,1,1.0639089345932007,0.04776019603013992,,2026-02-06 08:37:07.301283
1770388657.361886,283.0,1,1.0602306127548218,0.05079763010144234,,2026-02-06 08:37:37.361886
1770388672.36357,299.0,1,1.0395931005477905,0.04077400267124176,,2026-02-06 08:37:52.363570
1770388687.421817,314.0,1,0.8772246241569519,0.10372041165828705,,2026-02-06 08:38:07.421817
1770388702.423941,329.0,1,0.961743175983429,0.1116812601685524,,2026-02-06 08:38:22.423941
1770388717.4817,344.0,1,1.006839632987976,0.02868657372891903,,2026-02-06 08:38:37.481700
1770388732.483367,359.0,1,1.0338215827941895,0.03476095572113991,,2026-02-06 08:38:52.483367
1770388747.542337,374.0,1,1.0651897192001343,0.04909798875451088,,2026-02-06 08:39:07.542337
1770388748.742166,375.0,2,1.468481183052063,0.3006342351436615,,2026-02-06 08:39:08.742166
1770388749.704566,376.0,2,1.057951807975769,0.04592408239841461,,2026-02-06 08:39:09.704566
1770388750.722264,377.0,2,1.043681025505066,0.05107540637254715,,2026-02-06 08:39:10.722264
1770388751.74284,378.0,2,1.0690412521362305,0.059676431119441986,,2026-02-06 08:39:11.742840
1770388752.953737,379.0,2,1.042223572731018,0.049527041614055634,,2026-02-06 08:39:12.953737
1770388753.78257,380.0,2,1.0554871559143066,0.060587722808122635,,2026-02-06 08:39:13.782570
1770388754.743017,381.0,2,1.0543462038040161,0.06015162914991379,,2026-02-06 08:39:14.743017
1770388755.762827,382.0,2,1.1033159494400024,0.026522384956479073,,2026-02-06 08:39:15.762827
1770388756.85428,383.0,2,0.9589134454727173,-0.031686920672655106,,2026-02-06 08:39:16.854280
1770388757.922724,384.0,2,0.9856144785881042,-0.007052154745906591,,2026-02-06 08:39:17.922724
1770388773.045118,399.0,2,1.0379374027252197,0.042741015553474426,,2026-02-06 08:39:33.045118
1770388787.866304,414.0,2,1.0258464813232422,0.03416009247303009,,2026-02-06 08:39:47.866304
1770388802.910836,429.0,2,1.0523520708084106,0.039938945323228836,,2026-02-06 08:40:02.910836
1770388817.868704,444.0,2,1.0645548105239868,0.04457597807049751,,2026-02-06 08:40:17.868704
1770388832.988296,459.0,2,1.0461682081222534,0.04396786540746689,,2026-02-06 08:40:32.988296
1770388847.866711,474.0,2,1.0374083518981934,0.043939974159002304,,2026-02-06 08:40:47.866711
1770388862.933948,489.0,2,1.036994218826294,0.0379682257771492,,2026-02-06 08:41:02.933948
1770388877.928641,504.0,2,1.0439798831939697,0.04783700406551361,,2026-02-06 08:41:17.928641
1770388892.99032,519.0,2,1.069738745689392,0.05334899201989174,,2026-02-06 08:41:32.990320
1770388907.943151,534.0,2,1.0379825830459595,0.032284338027238846,,2026-02-06 08:41:47.943151
1770388922.929947,549.0,2,1.033683180809021,0.026981305330991745,,2026-02-06 08:42:02.929947
1770388937.931285,564.0,2,1.0406397581100464,0.03945106640458107,,2026-02-06 08:42:17.931285
1770388952.934138,579.0,2,1.0390957593917847,0.026561694219708443,,2026-02-06 08:42:32.934138
1770388967.933644,594.0,2,1.0441139936447144,0.042467448860406876,,2026-02-06 08:42:47.933644
1770388982.931485,609.0,2,1.057741403579712,0.07726636528968811,,2026-02-06 08:43:02.931485
1770388997.992085,624.0,2,1.0364680290222168,0.034515898674726486,,2026-02-06 08:43:17.992085
1770389012.994976,639.0,2,1.0418795347213745,0.039384033530950546,,2026-02-06 08:43:32.994976
1770389027.988387,654.0,2,1.036799430847168,0.0333671048283577,,2026-02-06 08:43:47.988387
1770389042.935944,669.0,2,0.9783404469490051,0.038715533912181854,,2026-02-06 08:44:02.935944
1770389058.116627,684.0,2,1.0579196214675903,0.05248552933335304,,2026-02-06 08:44:18.116627
1770389072.994667,699.0,2,1.0441792011260986,0.043335918337106705,,2026-02-06 08:44:32.994667
1770389087.997698,714.0,2,1.0390697717666626,0.04230610653758049,,2026-02-06 08:44:47.997698
1770389102.993397,729.0,2,0.9360154867172241,0.006760904565453529,,2026-02-06 08:45:02.993397
1770389117.992069,744.0,2,1.010291576385498,0.037120044231414795,,2026-02-06 08:45:17.992069
1770389133.006122,759.0,2,1.0271055698394775,0.03632939234375954,,2026-02-06 08:45:33.006122
1770389148.007684,774.0,2,1.0380042791366577,0.0451778806746006,,2026-02-06 08:45:48.007684
1770389163.026676,789.0,2,1.0396431684494019,0.050315964967012405,,2026-02-06 08:46:03.026676
1770389178.042947,804.0,2,1.0563033819198608,0.04712303355336189,,2026-02-06 08:46:18.042947
1770389193.000946,819.0,2,1.0355911254882812,0.039101582020521164,,2026-02-06 08:46:33.000946
1770389208.058934,834.0,2,1.0374126434326172,0.04747460037469864,,2026-02-06 08:46:48.058934
1770389223.059865,849.0,2,1.0376964807510376,0.03803150728344917,,2026-02-06 08:47:03.059865
1770389238.061792,864.0,2,1.0552198886871338,0.04052859917283058,,2026-02-06 08:47:18.061792
1770389253.121545,879.0,2,1.059985876083374,0.05052277445793152,,2026-02-06 08:47:33.121545
1770389268.063307,894.0,2,1.0399240255355835,0.03704109415411949,,2026-02-06 08:47:48.063307
1770389283.063636,909.0,2,1.050266146659851,0.04299097880721092,,2026-02-06 08:48:03.063636
1770389298.063861,924.0,2,1.027360200881958,0.036743439733982086,,2026-02-06 08:48:18.063861
1770389313.140292,939.0,2,1.0777076482772827,0.0134287653490901,,2026-02-06 08:48:33.140292
1770389328.131012,954.0,2,1.0589706897735596,0.04517839848995209,,2026-02-06 08:48:48.131012
1770389343.168479,969.0,2,1.0873183012008667,0.12215803563594818,,2026-02-06 08:49:03.168479
1770389358.208284,984.0,2,1.040693998336792,0.04561828076839447,,2026-02-06 08:49:18.208284
1770389373.180173,999.0,2,1.0412348508834839,0.038731299340724945,,2026-02-06 08:49:33.180173
1770389388.122499,1014.0,2,1.039138674736023,0.040274906903505325,,2026-02-06 08:49:48.122499
1770389403.123916,1029.0,2,1.1133233308792114,0.014132697135210037,,2026-02-06 08:50:03.123916
1770389418.130114,1044.0,2,0.9716707468032837,0.02616645023226738,,2026-02-06 08:50:18.130114
1770389433.241335,1059.0,2,1.051332950592041,0.04804403334856033,,2026-02-06 08:50:33.241335
1770389448.189831,1074.0,2,1.0340628623962402,0.03757354989647865,,2026-02-06 08:50:48.189831
1770389463.249043,1089.0,2,1.0460119247436523,0.04045166075229645,,2026-02-06 08:51:03.249043
1770389478.248642,1104.0,2,1.0183427333831787,0.03766009956598282,,2026-02-06 08:51:18.248642
1770389493.189564,1119.0,2,1.0466192960739136,0.035765886306762695,,2026-02-06 08:51:33.189564
1770389508.191138,1134.0,2,1.0304993391036987,0.03575225546956062,,2026-02-06 08:51:48.191138
1770389523.188908,1149.0,2,1.038732886314392,0.035053007304668427,,2026-02-06 08:52:03.188908
1770389538.25048,1164.0,2,0.9824245572090149,-0.05178208649158478,,2026-02-06 08:52:18.250480
1770389553.251267,1179.0,2,1.0200421810150146,0.04335261881351471,,2026-02-06 08:52:33.251267
1770389568.372176,1194.0,2,1.041600227355957,0.04054968059062958,,2026-02-06 08:52:48.372176
1770389579.03788,1205.0,2,1.0359352827072144,0.041001539677381516,1770389579.6748428,2026-02-06 08:52:59.037880
1770389580.912702,1207.0,3,1.4618693590164185,0.30877330899238586,1770389579.549665,2026-02-06 08:53:00.912702
1770389581.932282,1208.0,3,1.1056015491485596,-0.02943948283791542,1770389579.5692449,2026-02-06 08:53:01.932282
1770389583.010079,1209.0,5,0.9992081522941589,0.07510002702474594,1770389579.6470418,2026-02-06 08:53:03.010079
1770389583.916241,1210.0,5,0.9481813907623291,-0.03302258998155594,1770389579.5532038,2026-02-06 08:53:03.916241
1770389584.933198,1211.0,5,0.9908223748207092,0.041626691818237305,1770389579.5701609,2026-02-06 08:53:04.933198
1770389586.017971,1212.0,5,1.2008147239685059,0.09963744878768921,1770389579.654934,2026-02-06 08:53:06.017971
1770389587.028256,1213.0,5,1.1517573595046997,0.21065713465213776,1770389579.6652188,2026-02-06 08:53:07.028256
1770389588.022329,1214.0,5,1.0595499277114868,0.06290054321289062,1770389579.659292,2026-02-06 08:53:08.022329
1770389589.022775,1215.0,5,1.2996898889541626,0.11611364036798477,1770389579.6597378,2026-02-06 08:53:09.022775
1770389589.96427,1216.0,5,0.9115458726882935,0.031587906181812286,1770389579.601233,2026-02-06 08:53:09.964270
1770389590.930143,1217.0,5,1.026275873184204,0.005275388713926077,1770389579.567106,2026-02-06 08:53:10.930143
1770389592.076012,1218.0,7,1.3051179647445679,0.31223252415657043,1770389579.7129748,2026-02-06 08:53:12.076012
1770389593.080227,1219.0,8,1.069303035736084,-0.027230501174926758,1770389579.7171898,2026-02-06 08:53:13.080227
1770389594.002954,1220.0,8,0.8671205043792725,0.10958938300609589,1770389579.639917,2026-02-06 08:53:14.002954
1770389594.891519,1221.0,8,0.8704631328582764,0.06941583752632141,1770389579.528482,2026-02-06 08:53:14.891519
1770389595.912871,1222.0,8,1.464733362197876,0.2945207357406616,1770389579.5498338,2026-02-06 08:53:15.912871
1770389597.178016,1223.0,9,0.964942991733551,-0.0190434530377388,1770389579.8149788,2026-02-06 08:53:17.178016
1770389597.982535,1224.0,9,1.1005913019180298,0.07908093184232712,1770389579.6194978,2026-02-06 08:53:17.982535
1770389598.967786,1225.0,9,1.1487388610839844,0.10373184829950333,1770389579.604749,2026-02-06 08:53:18.967786
1770389599.93329,1226.0,9,1.0639233589172363,0.10459591448307037,1770389579.570253,2026-02-06 08:53:19.933290
1770389601.193412,1227.0,9,1.149873971939087,0.1267339289188385,1770389579.830375,2026-02-06 08:53:21.193412
1770389601.917399,1228.0,9,1.3484587669372559,0.07574278861284256,1770389579.5543618,2026-02-06 08:53:21.917399
1770389602.993248,1229.0,9,1.0295062065124512,0.05831185355782509,1770389579.6302109,2026-02-06 08:53:22.993248
1770389604.018553,1230.0,9,1.0164541006088257,0.000265637383563444,1770389579.655516,2026-02-06 08:53:24.018553
1770389605.152329,1231.0,9,1.0150078535079956,0.011006874032318592,1770389579.7892919,2026-02-06 08:53:25.152329
1770389605.98692,1232.0,9,1.0199230909347534,-0.006774550303816795,1770389579.623883,2026-02-06 08:53:25.986920
1770389607.036398,1233.0,11,0.9370480179786682,-0.1620713621377945,1770389579.6733608,2026-02-06 08:53:27.036398
1770389608.153552,1234.0,11,0.9813510775566101,0.014657494612038136,1770389579.790515,2026-02-06 08:53:28.153552
1770389609.053561,1235.0,11,0.9024444818496704,-0.03387831524014473,1770389579.6905239,2026-02-06 08:53:29.053561
1770389609.97087,1236.0,13,1.1945463418960571,0.4011775553226471,1770389579.607833,2026-02-06 08:53:29.970870
1770389610.914609,1237.0,13,1.114319086074829,0.11579933017492294,1770389579.5515718,2026-02-06 08:53:30.914609
1770389611.992445,1238.0,13,0.9369322061538696,0.09256399422883987,1770389579.629408,2026-02-06 08:53:31.992445
1770389612.951336,1239.0,13,0.8717986941337585,0.029374457895755768,1770389579.5882988,2026-02-06 08:53:32.951336
1770389614.048667,1240.0,13,1.016169786453247,-0.009796347469091415,1770389579.6856298,2026-02-06 08:53:34.048667
1770389615.056203,1241.0,13,0.9988303184509277,0.037229910492897034,1770389579.6931658,2026-02-06 08:53:35.056203
1770389615.953363,1242.0,13,1.0664234161376953,0.029115688055753708,1770389579.5903258,2026-02-06 08:53:35.953363
1770389616.973753,1243.0,13,1.055248737335205,0.08394331485033035,1770389579.6107159,2026-02-06 08:53:36.973753
1770389618.273578,1244.0,13,1.0380606651306152,0.09908787906169891,1770389579.9105408,2026-02-06 08:53:38.273578
1770389618.957704,1245.0,13,0.9184557795524597,-0.007594626862555742,1770389579.594667,2026-02-06 08:53:38.957704
1770389634.194074,1260.0,13,1.1811261177062988,0.08701706677675247,1770389579.8310368,2026-02-06 08:53:54.194074
1770389649.092984,1275.0,13,1.0537954568862915,0.03264416754245758,1770389579.7299469,2026-02-06 08:54:09.092984
1770389654.53747,1281.0,14,1.5980443954467773,0.3197951316833496,1770389579.174433,2026-02-06 08:54:14.537470
1770389655.554823,1282.0,17,1.4407893419265747,0.32125112414360046,1770389579.1917858,2026-02-06 08:54:15.554823
1770389656.575286,1283.0,19,1.2792407274246216,0.12540139257907867,1770389579.2122488,2026-02-06 08:54:16.575286
1770389657.592173,1284.0,20,1.1477199792861938,0.13714271783828735,1770389579.229136,2026-02-06 08:54:17.592173
1770389658.529041,1285.0,21,1.1640335321426392,0.2843348979949951,1770389579.166004,2026-02-06 08:54:18.529041
1770389659.515716,1286.0,22,1.6901209354400635,0.4362573027610779,1770389579.152679,2026-02-06 08:54:19.515716
1770389660.604688,1287.0,23,0.9373158812522888,0.0691685602068901,1770389579.2416508,2026-02-06 08:54:20.604688
1770389661.556981,1288.0,24,2.1702797412872314,0.7278682589530945,1770389579.193944,2026-02-06 08:54:21.556981
1770389662.635657,1289.0,24,0.7763581275939941,-0.04606219753623009,1770389579.27262,2026-02-06 08:54:22.635657
1770389663.773092,1290.0,26,1.4008886814117432,0.22629746794700623,1770389579.410055,2026-02-06 08:54:23.773092
1770389664.610268,1291.0,26,1.1139520406723022,0.21690502762794495,1770389579.247231,2026-02-06 08:54:24.610268
1770389665.575409,1292.0,26,0.9882251620292664,0.038946036249399185,1770389579.2123718,2026-02-06 08:54:25.575409
1770389666.592237,1293.0,26,1.239588975906372,0.11782225966453552,1770389579.2292,2026-02-06 08:54:26.592237
1770389667.673672,1294.0,26,1.0810171365737915,0.10842224955558777,1770389579.3106349,2026-02-06 08:54:27.673672
1770389668.576287,1295.0,26,1.1121304035186768,0.10133454203605652,1770389579.21325,2026-02-06 08:54:28.576287
1770389669.714878,1296.0,26,1.063394546508789,0.03524678200483322,1770389579.351841,2026-02-06 08:54:29.714878
1770389670.810923,1297.0,26,1.0945378541946411,0.06334801018238068,1770389579.447886,2026-02-06 08:54:30.810923
1770389671.644044,1298.0,26,0.9706770777702332,0.017782388255000114,1770389579.2810068,2026-02-06 08:54:31.644044
1770389672.594463,1299.0,26,1.065219759941101,0.06006646901369095,1770389579.231426,2026-02-06 08:54:32.594463
1770389687.655397,1314.0,26,1.061427354812622,0.020500576123595238,1770389579.2923598,2026-02-06 08:54:47.655397
1770389702.656041,1329.0,26,1.0582839250564575,0.0645444318652153,1770389579.2930038,2026-02-06 08:55:02.656041
1770389717.657858,1344.0,26,1.0497736930847168,0.053489722311496735,1770389579.2948208,2026-02-06 08:55:17.657858
1770389734.201293,1359.0,26,1.0178383588790894,0.03076595813035965,1770389580.838256,2026-02-06 08:55:34.201293
1770389744.106881,1369.0,27,1.543308138847351,0.30027472972869873,1770389580.7438438,2026-02-06 08:55:44.106881
1770389744.338409,1370.0,27,1.0522441864013672,0.08357562869787216,1770389579.9753718,2026-02-06 08:55:44.338409
1770389744.582375,1371.0,29,1.719427227973938,0.35277891159057617,1770389579.219338,2026-02-06 08:55:44.582375
1770389746.505885,1372.0,31,1.7620490789413452,0.5147603154182434,1770389580.1428478,2026-02-06 08:55:46.505885
1770389746.693406,1373.0,33,1.087214708328247,0.12627500295639038,1770389579.330369,2026-02-06 08:55:46.693406
1770389748.758405,1374.0,33,1.3521095514297485,0.2374052107334137,1770389580.3953679,2026-02-06 08:55:48.758405
1770389748.892004,1375.0,34,1.1123911142349243,0.08223219215869904,1770389579.528967,2026-02-06 08:55:48.892004
1770389751.686711,1376.0,36,1.1498020887374878,0.03723813593387604,1770389581.323674,2026-02-06 08:55:51.686711
1770389752.09379,1377.0,39,1.326139211654663,0.27842140197753906,1770389580.730753,2026-02-06 08:55:52.093790
1770389752.127938,1378.0,42,1.5080437660217285,0.28237384557724,1770389579.764901,2026-02-06 08:55:52.127938
1770389754.826427,1379.0,45,1.1366063356399536,0.16887417435646057,1770389581.4633899,2026-02-06 08:55:54.826427
1770389754.894958,1380.0,48,1.0943865776062012,0.11792153865098953,1770389580.531921,2026-02-06 08:55:54.894958
1770389754.91751,1381.0,51,1.0381031036376953,0.2603209614753723,1770389579.554473,2026-02-06 08:55:54.917510
1770389756.395131,1382.0,53,1.1516571044921875,0.46096789836883545,1770389580.032094,2026-02-06 08:55:56.395131
1770389756.703577,1383.0,54,1.594408631324768,0.6340869665145874,1770389579.34054,2026-02-06 08:55:56.703577
1770389758.736533,1384.0,56,1.8691425323486328,0.5374745726585388,1770389580.3734958,2026-02-06 08:55:58.736533
1770389758.862347,1385.0,57,1.357682228088379,0.22753576934337616,1770389579.4993098,2026-02-06 08:55:58.862347
1770389759.610136,1386.0,59,0.7808130383491516,-0.23540562391281128,1770389579.247099,2026-02-06 08:55:59.610136
1770389760.621848,1387.0,59,1.0640286207199097,0.10210549831390381,1770389579.258811,2026-02-06 08:56:00.621848
1770389761.666594,1388.0,59,1.1889647245407104,0.2862621545791626,1770389579.303557,2026-02-06 08:56:01.666594
1770389762.623651,1389.0,60,0.8686569929122925,-0.09000879526138306,1770389579.260614,2026-02-06 08:56:02.623651
1770389763.618896,1390.0,62,0.9830610156059265,0.17575331032276154,1770389579.255859,2026-02-06 08:56:03.618896
1770389765.117337,1391.0,64,1.047279715538025,0.4016762673854828,1770389579.7542999,2026-02-06 08:56:05.117337
1770389765.617004,1392.0,66,1.528612732887268,0.52210932970047,1770389579.2539668,2026-02-06 08:56:05.617004
1770389767.91483,1393.0,67,1.3549162149429321,0.2875188887119293,1770389580.5517929,2026-02-06 08:56:07.914830
1770389768.202178,1394.0,68,1.1242334842681885,0.15604999661445618,1770389579.839141,2026-02-06 08:56:08.202178
1770389770.847627,1395.0,69,0.9320263266563416,-0.02353653684258461,1770389581.4845898,2026-02-06 08:56:10.847627
1770389771.374802,1396.0,70,0.875410795211792,-0.024315152317285538,1770389581.011765,2026-02-06 08:56:11.374802
1770389771.483236,1397.0,71,1.4993895292282104,0.3430842161178589,1770389580.120199,2026-02-06 08:56:11.483236
1770389772.482333,1398.0,72,0.89058518409729,-0.20697300136089325,1770389580.1192958,2026-02-06 08:56:12.482333
1770389772.625272,1399.0,74,0.7336681485176086,-0.09040578454732895,1770389579.262235,2026-02-06 08:56:12.625272
1770389773.63429,1400.0,75,1.0058733224868774,0.41737088561058044,1770389579.2712529,2026-02-06 08:56:13.634290
1770389774.65735,1401.0,76,1.891327977180481,0.45999598503112793,1770389579.294313,2026-02-06 08:56:14.657350
1770389775.618002,1402.0,76,1.2858418226242065,0.18624892830848694,1770389579.2549648,2026-02-06 08:56:15.618002
1770389776.99073,1403.0,78,0.9477684497833252,-0.019326528534293175,1770389579.627693,2026-02-06 08:56:16.990730
1770389777.91087,1404.0,79,1.067258596420288,0.1269242763519287,1770389579.547833,2026-02-06 08:56:17.910870
1770389778.61954,1405.0,79,1.203040361404419,0.079229436814785,1770389579.2565029,2026-02-06 08:56:18.619540
1770389779.706266,1406.0,80,1.0408895015716553,0.10161037743091583,1770389579.3432288,2026-02-06 08:56:19.706266
1770389780.654321,1407.0,80,1.228534460067749,0.19326046109199524,1770389579.2912838,2026-02-06 08:56:20.654321
1770389781.619688,1408.0,80,0.9495019316673279,0.0018455184763297439,1770389579.256651,2026-02-06 08:56:21.619688
1770389782.638893,1409.0,80,0.9258660674095154,-0.028476154431700706,1770389579.2758558,2026-02-06 08:56:22.638893
1770389783.66448,1410.0,80,1.1053158044815063,0.05591743439435959,1770389579.3014429,2026-02-06 08:56:23.664480
1770389784.614355,1411.0,80,0.9857448935508728,0.02227371744811535,1770389579.251318,2026-02-06 08:56:24.614355
1770389785.639332,1412.0,80,1.0317673683166504,0.03266218304634094,1770389579.276295,2026-02-06 08:56:25.639332
1770389786.658004,1413.0,80,0.9899792671203613,0.028320489451289177,1770389579.294967,2026-02-06 08:56:26.658004
1770389787.635622,1414.0,80,0.9868738651275635,-0.01080663688480854,1770389579.272585,2026-02-06 08:56:27.635622
1770389789.774448,1415.0,80,1.0643481016159058,0.047958992421627045,1770389580.4114108,2026-02-06 08:56:29.774448
1770389803.634866,1430.0,80,1.0433382987976074,0.048158254474401474,1770389579.271829,2026-02-06 08:56:43.634866
1770389818.748545,1445.0,80,1.0720694065093994,0.029317500069737434,1770389579.3855078,2026-02-06 08:56:58.748545
1770389833.709943,1460.0,80,0.9801051020622253,-0.015823151916265488,1770389579.346906,2026-02-06 08:57:13.709943
1770389849.970742,1475.0,80,1.1001981496810913,-0.0009305531275458634,1770389580.6077049,2026-02-06 08:57:29.970742
1770389863.850877,1490.0,80,1.0663554668426514,0.14759185910224915,1770389579.48784,2026-02-06 08:57:43.850877
1770389878.881221,1505.0,80,0.990186333656311,0.04576460272073746,1770389579.518184,2026-02-06 08:57:58.881221
1770389894.296348,1520.0,80,0.9801458716392517,0.03248804435133934,1770389579.933311,2026-02-06 08:58:14.296348
1770389907.703812,1534.0,81,1.7506427764892578,0.33834630250930786,1770389579.3407748,2026-02-06 08:58:27.703812
1770389908.632274,1535.0,82,1.067988634109497,0.07635632157325745,1770389579.2692368,2026-02-06 08:58:28.632274
1770389910.630177,1536.0,82,1.0681689977645874,0.06482952833175659,1770389580.26714,2026-02-06 08:58:30.630177
1770389910.64549,1537.0,82,1.0391654968261719,0.04377024993300438,1770389579.2824528,2026-02-06 08:58:30.645490
1770389912.636159,1538.0,82,1.06491219997406,0.06229449436068535,1770389580.2731218,2026-02-06 08:58:32.636159
1770389913.013522,1539.0,82,1.0274161100387573,0.06206758692860603,1770389579.6504848,2026-02-06 08:58:33.013522
1770389914.930417,1540.0,82,1.0354660749435425,0.07197510451078415,1770389580.56738,2026-02-06 08:58:34.930417
1770389915.226459,1541.0,82,1.1017118692398071,0.07171165198087692,1770389579.863422,2026-02-06 08:58:35.226459
1770389915.633373,1542.0,82,1.0882503986358643,0.06712713092565536,1770389579.270336,2026-02-06 08:58:35.633373
1770389918.470477,1543.0,82,0.9709217548370361,0.056765906512737274,1770389581.10744,2026-02-06 08:58:38.470477
1770389918.538444,1544.0,83,1.1973795890808105,0.31556588411331177,1770389580.175407,2026-02-06 08:58:38.538444
1770389920.288959,1545.0,83,1.062023639678955,0.022951263934373856,1770389580.925922,2026-02-06 08:58:40.288959
1770389921.162175,1546.0,83,0.9745511412620544,0.028718844056129456,1770389580.7991378,2026-02-06 08:58:41.162175
1770389921.639421,1547.0,83,1.009953498840332,0.013430272229015827,1770389580.2763839,2026-02-06 08:58:41.639421
1770389923.127671,1548.0,83,0.9863883256912231,-0.005364187993109226,1770389580.764634,2026-02-06 08:58:43.127671
1770389923.374248,1549.0,83,1.054560899734497,0.011962728574872017,1770389580.011211,2026-02-06 08:58:43.374248
1770389924.267683,1550.0,83,1.0608059167861938,-0.010345117188990116,1770389579.904646,2026-02-06 08:58:44.267683
1770389925.474851,1551.0,83,1.0531405210494995,0.010905242525041103,1770389580.1118138,2026-02-06 08:58:45.474851
1770389925.628099,1552.0,83,1.0374468564987183,0.0310217272490263,1770389579.2650619,2026-02-06 08:58:45.628099
1770389927.025426,1553.0,83,0.9858036637306213,-0.004022387787699699,1770389579.6623888,2026-02-06 08:58:47.025426
1770389933.094768,1559.0,84,1.7729099988937378,0.3116952180862427,1770389579.731731,2026-02-06 08:58:53.094768
1770389936.014903,1560.0,84,1.5521175861358643,-0.1953926533460617,1770389581.651866,2026-02-06 08:58:56.014903
1770389936.130954,1561.0,85,1.0608803033828735,-0.008571790531277657,1770389580.767917,2026-02-06 08:58:56.130954
1770389936.732576,1562.0,85,1.0336469411849976,0.006744327023625374,1770389580.3695388,2026-02-06 08:58:56.732576
1770389938.546571,1563.0,85,1.0162819623947144,0.03455756604671478,1770389581.183534,2026-02-06 08:58:58.546571
1770389938.619924,1564.0,85,1.0896806716918945,0.06148979067802429,1770389580.256887,2026-02-06 08:58:58.619924
1770389940.521468,1565.0,85,0.9663445949554443,-0.011906740255653858,1770389581.1584308,2026-02-06 08:59:00.521468
1770389940.714246,1566.0,85,0.9605821371078491,-0.014061243273317814,1770389580.351209,2026-02-06 08:59:00.714246
1770389941.140612,1567.0,85,1.2140663862228394,0.24113969504833221,1770389579.7775748,2026-02-06 08:59:01.140612
1770389942.07204,1568.0,85,1.0793581008911133,0.1918228268623352,1770389579.709003,2026-02-06 08:59:02.072040
1770389943.032991,1569.0,85,1.3213542699813843,0.024527300149202347,1770389579.6699538,2026-02-06 08:59:03.032991
1770389944.052898,1570.0,85,0.9400478601455688,0.13731762766838074,1770389579.6898608,2026-02-06 08:59:04.052898
1770389945.883397,1572.0,86,1.8354867696762085,0.3124373257160187,1770389579.52036,2026-02-06 08:59:05.883397
1770389947.807771,1573.0,88,1.210719108581543,0.17781513929367065,1770389580.4447339,2026-02-06 08:59:07.807771
1770389947.902437,1574.0,89,0.9890207052230835,-0.014345990493893623,1770389579.5393999,2026-02-06 08:59:07.902437
1770389950.767871,1575.0,89,1.0590590238571167,0.029367748647928238,1770389581.4048338,2026-02-06 08:59:10.767871
1770389951.289245,1576.0,89,1.0026299953460693,0.06333182007074356,1770389580.9262078,2026-02-06 08:59:11.289245
1770389951.300405,1577.0,89,1.0092824697494507,0.025824306532740593,1770389579.937368,2026-02-06 08:59:11.300405
1770389953.802432,1578.0,89,1.1656028032302856,0.17409439384937286,1770389581.439395,2026-02-06 08:59:13.802432
1770389953.854079,1579.0,89,1.1410739421844482,0.1535625457763672,1770389580.491042,2026-02-06 08:59:13.854079
1770389953.869374,1580.0,89,0.9182531833648682,-0.05287708714604378,1770389579.506337,2026-02-06 08:59:13.869374
1770389955.973663,1581.0,89,1.1583000421524048,0.0843631774187088,1770389580.610626,2026-02-06 08:59:15.973663
1770389956.320359,1582.0,89,1.1129900217056274,0.13072837889194489,1770389579.957322,2026-02-06 08:59:16.320359
1770389957.97204,1583.0,89,1.0317368507385254,0.007919364608824253,1770389580.6090028,2026-02-06 08:59:17.972040
1770389973.052773,1598.0,90,1.347426414489746,0.30073878169059753,1770389580.689736,2026-02-06 08:59:33.052773
1770389973.67763,1599.0,90,1.3472994565963745,0.2844957709312439,1770389580.3145928,2026-02-06 08:59:33.677630
1770389973.915516,1600.0,90,1.0452511310577393,0.04304156079888344,1770389579.5524788,2026-02-06 08:59:33.915516
1770389975.977685,1601.0,90,1.0725162029266357,0.04149530082941055,1770389580.6146479,2026-02-06 08:59:35.977685
1770389976.146984,1602.0,90,1.055127501487732,0.059565719217061996,1770389579.783947,2026-02-06 08:59:36.146984
1770389976.635621,1603.0,90,0.9858219623565674,0.008559850975871086,1770389579.272584,2026-02-06 08:59:36.635621
1770389977.644228,1604.0,90,1.1813793182373047,0.03797557204961777,1770389579.2811909,2026-02-06 08:59:37.644228
1770389978.671904,1605.0,90,1.132704257965088,0.08465369790792465,1770389579.308867,2026-02-06 08:59:38.671904
1770389979.778191,1606.0,90,1.0576478242874146,0.05999283492565155,1770389579.415154,2026-02-06 08:59:39.778191
1770389980.646009,1607.0,90,1.048445463180542,0.05295142903923988,1770389579.2829719,2026-02-06 08:59:40.646009
1770389996.495279,1622.0,90,1.0823123455047607,0.0655989721417427,1770389580.132242,2026-02-06 08:59:56.495279
1770390005.47905,1631.0,91,1.5585285425186157,0.30410388112068176,1770389580.1160128,2026-02-06 09:00:05.479050
1770390005.988469,1632.0,92,0.9266730546951294,0.1680571585893631,1770389579.6254318,2026-02-06 09:00:05.988469
1770390007.642822,1633.0,92,0.7120042443275452,-0.236775740981102,1770389580.279785,2026-02-06 09:00:07.642822
1770390007.961962,1634.0,93,1.0418920516967773,0.16324783861637115,1770389579.5989249,2026-02-06 09:00:07.961962
1770390009.829757,1635.0,93,1.0721665620803833,0.05547982081770897,1770389580.4667199,2026-02-06 09:00:09.829757
1770390010.149812,1636.0,93,1.0353763103485107,0.05090298876166344,1770389579.7867749,2026-02-06 09:00:10.149812
1770390010.581253,1637.0,93,1.0701724290847778,0.05235780403017998,1770389579.218216,2026-02-06 09:00:10.581253
1770390012.51626,1638.0,93,1.0432147979736328,0.04414132982492447,1770389580.1532228,2026-02-06 09:00:12.516260
1770390012.695052,1639.0,93,0.9705694317817688,0.019647806882858276,1770389579.3320148,2026-02-06 09:00:12.695052
1770390013.607238,1640.0,93,1.048215627670288,0.04081292077898979,1770389579.244201,2026-02-06 09:00:13.607238
1770390015.816987,1641.0,93,0.9702128767967224,0.017742224037647247,1770389580.45395,2026-02-06 09:00:15.816987
1770390015.99939,1642.0,93,1.042680263519287,0.05079122260212898,1770389579.6363528,2026-02-06 09:00:15.999390
1770390016.743332,1643.0,93,1.047071099281311,0.04996751248836517,1770389579.3802948,2026-02-06 09:00:16.743332
1770390032.181746,1658.0,93,1.0553293228149414,0.04707959294319153,1770389579.818709,2026-02-06 09:00:32.181746
1770390047.523056,1673.0,93,1.0527892112731934,0.06424665451049805,1770389580.160019,2026-02-06 09:00:47.523056
1770390062.511124,1688.0,93,1.0586386919021606,0.061500441282987595,1770389580.1480868,2026-02-06 09:01:02.511124
1770390070.021441,1696.0,94,1.7778911590576172,0.34372594952583313,1770389579.6584039,2026-02-06 09:01:10.021441
1770390071.47184,1697.0,94,0.9841016530990601,0.06522329151630402,1770389580.1088028,2026-02-06 09:01:11.471840
1770390071.567004,1698.0,94,1.0557410717010498,0.012975705787539482,1770389579.2039669,2026-02-06 09:01:11.567004
1770390073.140073,1699.0,94,1.0937724113464355,0.09943383187055588,1770389579.777036,2026-02-06 09:01:13.140073
1770390073.677068,1700.0,94,1.0098955631256104,-0.024718794971704483,1770389579.314031,2026-02-06 09:01:13.677068
1770390074.789684,1701.0,94,0.9575119018554688,0.01747976988554001,1770389579.426647,2026-02-06 09:01:14.789684
1770390075.974203,1702.0,94,1.0176433324813843,0.06960784643888474,1770389579.611166,2026-02-06 09:01:15.974203
1770390076.533223,1703.0,94,1.0352221727371216,0.010523954406380653,1770389579.1701858,2026-02-06 09:01:16.533223
1770390078.550451,1704.0,94,1.132525086402893,0.10655328631401062,1770389580.187414,2026-02-06 09:01:18.550451
1770390078.741273,1705.0,94,1.0020159482955933,0.014121374115347862,1770389579.3782358,2026-02-06 09:01:18.741273
1770390083.151939,1708.0,95,1.6560078859329224,0.30319058895111084,1770389580.7889018,2026-02-06 09:01:23.151939
1770390083.191506,1709.0,95,1.1690855026245117,0.1256868988275528,1770389579.8284688,2026-02-06 09:01:23.191506
1770390084.668586,1710.0,95,1.236674189567566,0.10666672140359879,1770389580.305549,2026-02-06 09:01:24.668586
1770390085.169783,1711.0,95,1.05197012424469,0.023622453212738037,1770389579.806746,2026-02-06 09:01:25.169783
1770390086.185559,1712.0,95,0.9703535437583923,0.06317862868309021,1770389579.822522,2026-02-06 09:01:26.185559
1770390087.759238,1713.0,95,1.0941160917282104,0.05149421840906143,1770389580.396201,2026-02-06 09:01:27.759238
1770390088.190102,1714.0,95,1.3186508417129517,0.12116330116987228,1770389579.827065,2026-02-06 09:01:28.190102
1770390090.717364,1715.0,95,0.9798790216445923,0.061203476041555405,1770389581.354327,2026-02-06 09:01:30.717364
1770390091.283077,1716.0,96,0.7734578251838684,-0.13917192816734314,1770389580.92004,2026-02-06 09:01:31.283077
1770390091.347184,1717.0,97,0.9297187328338623,0.013154164887964725,1770389579.9841468,2026-02-06 09:01:31.347184
1770390095.856913,1718.0,97,1.0231974124908447,0.01139026414602995,1770389583.493876,2026-02-06 09:01:35.856913
1770390096.453168,1719.0,97,1.0074949264526367,0.003455221885815263,1770389583.0901308,2026-02-06 09:01:36.453168
1770390099.217763,1720.0,97,1.058626413345337,0.06673380732536316,1770389584.8547258,2026-02-06 09:01:39.217763
1770390099.615045,1721.0,97,1.0882375240325928,0.021065454930067062,1770389584.252008,2026-02-06 09:01:39.615045
1770390102.231288,1722.0,97,1.131988525390625,0.09819257259368896,1770389585.8682508,2026-02-06 09:01:42.231288
1770390102.927541,1723.0,97,1.087519645690918,0.12084580957889557,1770389585.564504,2026-02-06 09:01:42.927541
1770390104.610234,1724.0,97,0.9478997588157654,0.001678736531175673,1770389586.247197,2026-02-06 09:01:44.610234
1770390106.010229,1725.0,97,1.079363226890564,0.02547428011894226,1770389586.647192,2026-02-06 09:01:46.010229
1770390106.022243,1726.0,97,1.058971643447876,0.03361472859978676,1770389585.659206,2026-02-06 09:01:46.022243
1770390115.235826,1741.0,97,1.1142158508300781,0.07712577283382416,1770389579.872789,2026-02-06 09:01:55.235826
1770390123.486261,1749.0,98,1.4745944738388062,0.3019405007362366,1770389580.1232238,2026-02-06 09:02:03.486261
1770390125.061181,1750.0,98,1.2586287260055542,0.234747514128685,1770389580.698144,2026-02-06 09:02:05.061181
1770390126.068252,1751.0,98,1.2660166025161743,0.2575962543487549,1770389580.705215,2026-02-06 09:02:06.068252
1770390127.858288,1752.0,98,1.2346177101135254,0.22009484469890594,1770389581.495251,2026-02-06 09:02:07.858288
1770390129.411526,1753.0,98,1.0988152027130127,0.11113879829645157,1770389582.0484889,2026-02-06 09:02:09.411526
1770390130.273497,1754.0,98,0.8509130477905273,-0.018923895433545113,1770389581.91046,2026-02-06 09:02:10.273497
1770390132.107003,1755.0,98,1.1854016780853271,0.10270825028419495,1770389582.7439659,2026-02-06 09:02:12.107003
1770390132.703652,1756.0,98,0.9738588333129883,0.041277870535850525,1770389582.3406148,2026-02-06 09:02:12.703652
1770390134.111079,1757.0,98,1.2042200565338135,0.09606172144412994,1770389582.7480419,2026-02-06 09:02:14.111079
1770390134.131108,1758.0,98,1.157852292060852,0.14421656727790833,1770389581.768071,2026-02-06 09:02:14.131108
1770390136.588507,1762.0,99,1.735526442527771,0.31377488374710083,1770389580.2254698,2026-02-06 09:02:16.588507
1770390137.127603,1763.0,100,1.1012147665023804,0.05545169487595558,1770389579.764566,2026-02-06 09:02:17.127603
1770390139.015201,1764.0,100,1.0100098848342896,0.0012214996386319399,1770389580.652164,2026-02-06 09:02:19.015201
1770390139.106757,1765.0,100,1.0167979001998901,0.007427199278026819,1770389579.7437198,2026-02-06 09:02:19.106757
1770390140.361351,1766.0,100,0.9950778484344482,0.007469887845218182,1770389579.998314,2026-02-06 09:02:20.361351
1770390141.734321,1767.0,100,1.002002477645874,0.004653735086321831,1770389580.371284,2026-02-06 09:02:21.734321
1770390142.109163,1768.0,100,1.0050652027130127,0.0035796540323644876,1770389579.746126,2026-02-06 09:02:22.109163
1770390143.909709,1769.0,100,0.9981838464736938,0.00010707705951062962,1770389580.5466719,2026-02-06 09:02:23.909709
1770390144.14913,1770.0,100,1.0047093629837036,-0.0015008666086941957,1770389579.786093,2026-02-06 09:02:24.149130
1770390145.168751,1771.0,100,1.006198763847351,0.004731735680252314,1770389579.805714,2026-02-06 09:02:25.168751
1770390146.183849,1772.0,100,1.012738823890686,0.008195617236196995,1770389579.820812,2026-02-06 09:02:26.183849
1770390147.832825,1774.0,101,1.4661465883255005,0.3019976019859314,1770389579.4697878,2026-02-06 09:02:27.832825
1770390148.715642,1775.0,101,1.0047930479049683,0.02554154582321644,1770389579.3526049,2026-02-06 09:02:28.715642
1770390149.668433,1776.0,101,1.1129505634307861,0.04106524959206581,1770389579.3053958,2026-02-06 09:02:29.668433
1770390150.627791,1777.0,101,1.2242777347564697,-0.0752001702785492,1770389579.2647538,2026-02-06 09:02:30.627791
1770390151.650274,1778.0,102,1.0480748414993286,0.15214309096336365,1770389579.287237,2026-02-06 09:02:31.650274
1770390152.611039,1779.0,102,1.0103241205215454,0.04169563576579094,1770389579.2480018,2026-02-06 09:02:32.611039
1770390153.630837,1780.0,102,0.9917363524436951,-0.016331659629940987,1770389579.2677999,2026-02-06 09:02:33.630837
1770390154.590055,1781.0,102,1.067496657371521,0.032749347388744354,1770389579.2270179,2026-02-06 09:02:34.590055
1770390156.08383,1782.0,102,0.9732964634895325,0.00474541075527668,1770389579.720793,2026-02-06 09:02:36.083830
1770390157.414475,1783.0,102,1.002207636833191,0.03960089012980461,1770389580.0514379,2026-02-06 09:02:37.414475
1770390157.589702,1784.0,102,1.023334264755249,-0.005170226562768221,1770389579.2266648,2026-02-06 09:02:37.589702
1770390158.610632,1785.0,102,1.0333044528961182,0.0018479960272088647,1770389579.2475948,2026-02-06 09:02:38.610632
1770390159.630476,1786.0,102,0.9617375135421753,-0.01006302610039711,1770389579.267439,2026-02-06 09:02:39.630476
1770390160.604658,1787.0,102,1.0269396305084229,-0.04380284622311592,1770389579.2416208,2026-02-06 09:02:40.604658
1770390162.687489,1789.0,103,1.5208004713058472,0.3110720217227936,1770389579.324452,2026-02-06 09:02:42.687489
1770390163.829019,1790.0,103,0.9223432540893555,-0.007082843687385321,1770389579.465982,2026-02-06 09:02:43.829019
1770390164.669734,1791.0,103,1.2921969890594482,0.14230653643608093,1770389579.306697,2026-02-06 09:02:44.669734
1770390165.68483,1792.0,104,1.0421905517578125,0.11540865898132324,1770389579.3217928,2026-02-06 09:02:45.684830
1770390166.709616,1793.0,104,1.1670202016830444,0.15890704095363617,1770389579.3465788,2026-02-06 09:02:46.709616
1770390167.669671,1794.0,104,1.1041033267974854,0.023312434554100037,1770389579.306634,2026-02-06 09:02:47.669671
1770390168.683969,1795.0,105,1.1192667484283447,0.13654233515262604,1770389579.320932,2026-02-06 09:02:48.683969
1770390169.711162,1796.0,106,1.1370285749435425,0.02628788724541664,1770389579.348125,2026-02-06 09:02:49.711162
1770390170.723952,1797.0,107,0.9576648473739624,0.11089739203453064,1770389579.360915,2026-02-06 09:02:50.723952
1770390171.88007,1798.0,108,1.4991344213485718,0.5130094289779663,1770389579.5170329,2026-02-06 09:02:51.880070
1770390173.32046,1799.0,110,1.547425627708435,0.4003034830093384,1770389579.957423,2026-02-06 09:02:53.320460
1770390173.730573,1800.0,111,1.138209581375122,0.07487846910953522,1770389579.3675358,2026-02-06 09:02:53.730573
1770390174.750143,1801.0,112,0.8898274898529053,0.054247383028268814,1770389579.387106,2026-02-06 09:02:54.750143
1770390175.778511,1802.0,113,1.0984981060028076,-0.03968122974038124,1770389579.415474,2026-02-06 09:02:55.778511
1770390176.792627,1803.0,114,0.9838871955871582,0.023242734372615814,1770389579.42959,2026-02-06 09:02:56.792627
1770390177.687569,1804.0,115,1.2030515670776367,0.3414776921272278,1770389579.3245318,2026-02-06 09:02:57.687569
1770390178.710741,1805.0,115,1.4571691751480103,0.22625167667865753,1770389579.347704,2026-02-06 09:02:58.710741
1770390179.738156,1806.0,116,0.9304509162902832,-0.006764458958059549,1770389579.375119,2026-02-06 09:02:59.738156
1770390180.750272,1807.0,116,1.1986236572265625,0.013457251712679863,1770389579.387235,2026-02-06 09:03:00.750272
1770390181.710046,1808.0,117,1.079200267791748,0.2221709042787552,1770389579.347009,2026-02-06 09:03:01.710046
1770390182.730641,1809.0,117,1.4891440868377686,0.17754758894443512,1770389579.3676038,2026-02-06 09:03:02.730641
1770390183.807308,1810.0,118,0.9340171217918396,0.001762950443662703,1770389579.4442708,2026-02-06 09:03:03.807308
1770390184.707853,1811.0,121,1.2688281536102295,0.32572832703590393,1770389579.344816,2026-02-06 09:03:04.707853
1770390185.781913,1812.0,123,1.3122656345367432,0.09441836923360825,1770389579.418876,2026-02-06 09:03:05.781913
1770390186.800298,1813.0,125,0.9532051086425781,-0.023416344076395035,1770389579.4372609,2026-02-06 09:03:06.800298
1770390187.806406,1814.0,126,0.9862565398216248,0.18080168962478638,1770389579.443369,2026-02-06 09:03:07.806406
1770390188.875328,1815.0,127,1.4137089252471924,0.38857582211494446,1770389579.512291,2026-02-06 09:03:08.875328
1770390189.814205,1816.0,127,1.0035547018051147,-0.010555144399404526,1770389579.4511678,2026-02-06 09:03:09.814205
1770390190.97589,1817.0,127,1.0256222486495972,0.04756215214729309,1770389579.6128528,2026-02-06 09:03:10.975890
1770390192.301021,1818.0,128,0.8533299565315247,-0.061350755393505096,1770389579.937984,2026-02-06 09:03:12.301021
1770390192.893268,1819.0,129,1.3356459140777588,0.37098753452301025,1770389579.530231,2026-02-06 09:03:12.893268
1770390193.834788,1820.0,129,1.029687762260437,0.005726932547986507,1770389579.471751,2026-02-06 09:03:13.834788
1770390194.7363,1821.0,129,1.1729940176010132,0.08836875110864639,1770389579.373263,2026-02-06 09:03:14.736300
1770390195.917246,1822.0,130,0.8295721411705017,0.006932827644050121,1770389579.554209,2026-02-06 09:03:15.917246
1770390196.945429,1823.0,131,1.336943507194519,0.333816796541214,1770389579.582392,2026-02-06 09:03:16.945429
1770390197.934093,1824.0,131,0.8281406760215759,-0.0675056055188179,1770389579.571056,2026-02-06 09:03:17.934093
1770390198.899961,1825.0,131,1.0759098529815674,0.04365270584821701,1770389579.536924,2026-02-06 09:03:18.899961
1770390200.101171,1826.0,131,0.9568306803703308,0.018783120438456535,1770389579.738134,2026-02-06 09:03:20.101171
1770390201.139541,1827.0,131,1.0200377702713013,0.08176366239786148,1770389579.7765038,2026-02-06 09:03:21.139541
1770390202.147492,1828.0,131,1.0725184679031372,0.05608236789703369,1770389579.7844548,2026-02-06 09:03:22.147492
1770390203.260292,1829.0,131,1.046761155128479,0.08024155348539352,1770389579.897255,2026-02-06 09:03:23.260292
1770390204.483219,1830.0,131,1.1456654071807861,0.09227041900157928,1770389580.1201818,2026-02-06 09:03:24.483219
1770390205.331437,1831.0,131,0.9577071666717529,0.023902904242277145,1770389579.9684,2026-02-06 09:03:25.331437
1770390206.498902,1832.0,131,0.9279752373695374,-0.04641701653599739,1770389580.135865,2026-02-06 09:03:26.498902
1770390221.879652,1847.0,131,1.0351183414459229,0.012009727768599987,1770389580.516615,2026-02-06 09:03:41.879652
1770390240.530158,1862.0,131,1.110184669494629,0.014059134759008884,1770389584.167121,2026-02-06 09:04:00.530158
1770390256.293192,1877.0,131,1.0317368507385254,0.025786392390727997,1770389584.9301548,2026-02-06 09:04:16.293192
1770390270.164573,1885.0,132,1.6316328048706055,0.3157738745212555,1770389590.8015358,2026-02-06 09:04:30.164573
1770390270.364891,1886.0,132,1.8483903408050537,0.12575069069862366,1770389590.001854,2026-02-06 09:04:30.364891
1770390272.4684,1887.0,133,1.046679973602295,0.021064378321170807,1770389591.105363,2026-02-06 09:04:32.468400
1770390272.999247,1888.0,133,0.8704401254653931,-0.021476563066244125,1770389590.63621,2026-02-06 09:04:32.999247
1770390273.007294,1889.0,133,0.9792011976242065,0.03926464542746544,1770389589.6442568,2026-02-06 09:04:33.007294
1770390274.353755,1890.0,133,1.0846612453460693,0.01966826245188713,1770389589.990718,2026-02-06 09:04:34.353755
1770390274.614033,1891.0,133,0.9431171417236328,0.0042639621533453465,1770389589.2509959,2026-02-06 09:04:34.614033
1770390274.621386,1892.0,133,1.1710034608840942,0.09205707907676697,1770389588.258349,2026-02-06 09:04:34.621386
1770390275.564024,1893.0,133,1.0128755569458008,0.008817506954073906,1770389588.2009869,2026-02-06 09:04:35.564024
1770390275.615264,1894.0,133,1.010086178779602,0.01943168416619301,1770389587.2522268,2026-02-06 09:04:35.615264
1770390275.615264,1895.0,133,0.9400722980499268,-0.004216080065816641,1770389586.2522268,2026-02-06 09:04:35.615264
1770390276.809232,1896.0,133,0.9928162097930908,0.010022886097431183,1770389586.446195,2026-02-06 09:04:36.809232
1770390285.831614,1911.0,133,1.0423790216445923,0.008068223483860493,1770389580.468577,2026-02-06 09:04:45.831614
1770390311.459161,1926.0,133,1.1634852886199951,0.06780222058296204,1770389591.096124,2026-02-06 09:05:11.459161
1770390326.768578,1941.0,134,1.448124647140503,0.30840882658958435,1770389591.405541,2026-02-06 09:05:26.768578
1770390327.300792,1942.0,134,1.1142038106918335,0.19258864223957062,1770389590.9377549,2026-02-06 09:05:27.300792
1770390327.32369,1943.0,134,1.0369888544082642,0.07315626740455627,1770389589.9606528,2026-02-06 09:05:27.323690
1770390327.329625,1944.0,134,0.9741016626358032,-0.011162926442921162,1770389588.9665878,2026-02-06 09:05:27.329625
1770390328.6305,1945.0,134,1.0382461547851562,0.03306333348155022,1770389589.267463,2026-02-06 09:05:28.630500
1770390328.75239,1946.0,134,1.1065161228179932,0.03281896561384201,1770389588.3893528,2026-02-06 09:05:28.752390
1770390328.795398,1947.0,134,1.0344356298446655,0.020186614245176315,1770389587.432361,2026-02-06 09:05:28.795398
1770390328.800959,1948.0,134,0.9596071839332581,0.01188537199050188,1770389586.437922,2026-02-06 09:05:28.800959
1770390328.805592,1949.0,134,1.1873154640197754,0.14484372735023499,1770389585.442555,2026-02-06 09:05:28.805592
1770390328.816573,1950.0,134,0.9616678357124329,0.032969169318675995,1770389584.4535358,2026-02-06 09:05:28.816573
1770390331.713614,1957.0,135,1.5789860486984253,0.32601460814476013,1770389580.3505769,2026-02-06 09:05:31.713614
1770390332.121148,1958.0,135,1.01162588596344,0.07331942021846771,1770389579.758111,2026-02-06 09:05:32.121148
1770390333.976734,1959.0,135,1.1108649969100952,0.05766749009490013,1770389580.6136968,2026-02-06 09:05:33.976734
1770390334.665064,1960.0,135,0.9488656520843506,0.009860100224614143,1770389580.302027,2026-02-06 09:05:34.665064
1770390334.782829,1961.0,135,0.9647040963172913,0.002414105925709009,1770389579.419792,2026-02-06 09:05:34.782829
1770390337.554013,1962.0,135,1.1529792547225952,0.05672922730445862,1770389581.190976,2026-02-06 09:05:37.554013
1770390338.149288,1963.0,135,0.962518036365509,-0.013831651769578457,1770389580.7862508,2026-02-06 09:05:38.149288
1770390339.369314,1964.0,135,1.0354955196380615,0.052745744585990906,1770389581.0062768,2026-02-06 09:05:39.369314
1770390342.62952,1965.0,135,1.1843385696411133,0.1377730667591095,1770389583.2664828,2026-02-06 09:05:42.629520
1770390342.833947,1966.0,135,0.9942137598991394,0.010235968977212906,1770389582.4709098,2026-02-06 09:05:42.833947
1770390351.328387,1972.0,136,1.745997428894043,0.3087489902973175,1770389584.96535,2026-02-06 09:05:51.328387
1770390351.512301,1973.0,136,0.673638641834259,-0.1451987624168396,1770389584.1492639,2026-02-06 09:05:51.512301
1770390352.787727,1974.0,136,0.9536445736885071,0.034844521433115005,1770389584.42469,2026-02-06 09:05:52.787727
1770390353.282451,1975.0,137,0.953793466091156,0.03644528612494469,1770389583.9194138,2026-02-06 09:05:53.282451
1770390353.361945,1976.0,138,0.9420477747917175,0.18325237929821014,1770389582.9989078,2026-02-06 09:05:53.361945
1770390353.975639,1977.0,139,1.3835500478744507,0.36172041296958923,1770389582.612602,2026-02-06 09:05:53.975639
1770390355.117427,1978.0,139,1.011864185333252,-0.09042678773403168,1770389582.75439,2026-02-06 09:05:55.117427
1770390355.798724,1979.0,140,0.8290771842002869,-0.06523922085762024,1770389582.4356868,2026-02-06 09:05:55.798724
1770390356.691126,1980.0,141,1.2731233835220337,0.2158648520708084,1770389582.328089,2026-02-06 09:05:56.691126
1770390359.005235,1981.0,143,1.2620974779129028,0.05878808721899986,1770389583.6421978,2026-02-06 09:05:59.005235
1770390359.331444,1982.0,144,0.7803230285644531,0.0432707779109478,1770389582.968407,2026-02-06 09:05:59.331444
1770390362.293294,1983.0,145,0.9749072194099426,0.1977599710226059,1770389584.9302568,2026-02-06 09:06:02.293294
1770390362.311503,1984.0,145,1.248130202293396,0.16261430084705353,1770389583.9484658,2026-02-06 09:06:02.311503
1770390366.442787,1985.0,145,1.24246084690094,0.02372637949883938,1770389587.0797498,2026-02-06 09:06:06.442787
1770390366.980432,1986.0,146,0.8307520747184753,-0.08582667261362076,1770389586.617395,2026-02-06 09:06:06.980432
1770390369.589493,1987.0,147,0.9877049326896667,0.057858824729919434,1770389588.226456,2026-02-06 09:06:09.589493
1770390370.126066,1988.0,147,1.3275865316390991,0.057611092925071716,1770389587.7630289,2026-02-06 09:06:10.126066
1770390371.88976,1989.0,148,0.9652072191238403,-0.075163334608078,1770389588.526723,2026-02-06 09:06:11.889760
1770390372.22161,1990.0,149,1.1894915103912354,0.3580628037452698,1770389587.858573,2026-02-06 09:06:12.221610
1770390372.267935,1991.0,151,1.544137716293335,0.4687289595603943,1770389586.904898,2026-02-06 09:06:12.267935
1770390372.293074,1992.0,152,1.4400458335876465,0.22734829783439636,1770389585.9300368,2026-02-06 09:06:12.293074
1770390372.321654,1993.0,154,0.8511415719985962,-0.051502153277397156,1770389584.958617,2026-02-06 09:06:12.321654
1770390372.348477,1994.0,155,1.1134945154190063,0.15709532797336578,1770389583.9854398,2026-02-06 09:06:12.348477
1770390372.348477,1995.0,156,1.0025936365127563,0.017581332474946976,1770389582.9854398,2026-02-06 09:06:12.348477
1770390372.358477,1996.0,158,0.9849802255630493,0.18509945273399353,1770389581.99544,2026-02-06 09:06:12.358477
1770390372.361924,1997.0,160,1.4208568334579468,0.48773902654647827,1770389580.9988868,2026-02-06 09:06:12.361924
1770390372.362508,1998.0,161,1.5565221309661865,0.35650068521499634,1770389579.999471,2026-02-06 09:06:12.362508
1770390372.931723,1999.0,162,1.1986526250839233,0.06845031678676605,1770389579.568686,2026-02-06 09:06:12.931723
1770390374.048671,2000.0,164,1.1392093896865845,0.20291805267333984,1770389579.685634,2026-02-06 09:06:14.048671
1770390374.978546,2001.0,166,1.3175158500671387,0.1785295456647873,1770389579.6155088,2026-02-06 09:06:14.978546
1770390376.101557,2002.0,168,1.1186697483062744,0.09959419816732407,1770389579.73852,2026-02-06 09:06:16.101557
1770390376.837166,2003.0,169,0.8663266897201538,0.15207909047603607,1770389579.474129,2026-02-06 09:06:16.837166
1770390378.799455,2004.0,170,1.4756267070770264,0.3901759684085846,1770389580.4364178,2026-02-06 09:06:18.799455
1770390379.225963,2005.0,170,1.1174699068069458,-0.002730956533923745,1770389579.862926,2026-02-06 09:06:19.225963
1770390381.349101,2006.0,171,1.0355433225631714,0.13623164594173431,1770389580.986064,2026-02-06 09:06:21.349101
1770390381.769654,2007.0,172,1.0495423078536987,0.032079994678497314,1770389580.406617,2026-02-06 09:06:21.769654
1770390382.66778,2008.0,173,0.5820978879928589,-0.17385244369506836,1770389580.3047428,2026-02-06 09:06:22.667780
1770390383.868004,2009.0,173,1.3828977346420288,0.19367314875125885,1770389580.504967,2026-02-06 09:06:23.868004
1770390384.433681,2010.0,173,0.9703844785690308,-0.10219476372003555,1770389580.070644,2026-02-06 09:06:24.433681
1770390387.045335,2011.0,173,0.9820305705070496,0.1514352411031723,1770389581.682298,2026-02-06 09:06:27.045335
1770390388.317842,2012.0,173,0.8598104119300842,-0.11583366990089417,1770389581.954805,2026-02-06 09:06:28.317842
1770390389.705268,2013.0,174,0.8399738073348999,0.12118873000144958,1770389582.3422308,2026-02-06 09:06:29.705268
1770390390.103461,2014.0,175,1.332770824432373,0.39751163125038147,1770389581.740424,2026-02-06 09:06:30.103461
1770390390.120329,2015.0,175,1.0763875246047974,-0.008193382993340492,1770389580.7572918,2026-02-06 09:06:30.120329
1770390390.140519,2016.0,176,0.8123189210891724,-0.040965043008327484,1770389579.7774818,2026-02-06 09:06:30.140519
1770390390.892647,2017.0,177,1.2060667276382446,0.19581875205039978,1770389579.52961,2026-02-06 09:06:30.892647
1770390391.903312,2018.0,178,0.984679639339447,-0.01364911999553442,1770389579.5402749,2026-02-06 09:06:31.903312
1770390392.955604,2019.0,179,0.9961576461791992,0.19492433965206146,1770389579.592567,2026-02-06 09:06:32.955604
1770390393.886741,2020.0,180,1.3920165300369263,0.4320261776447296,1770389579.5237038,2026-02-06 09:06:33.886741
1770390395.022193,2021.0,180,1.2763636112213135,-0.03501887246966362,1770389579.6591558,2026-02-06 09:06:35.022193
1770390395.979035,2022.0,181,0.6150455474853516,-0.21829558908939362,1770389579.6159978,2026-02-06 09:06:35.979035
1770390397.037796,2023.0,182,0.9343158006668091,0.041189610958099365,1770389579.674759,2026-02-06 09:06:37.037796
1770390397.911567,2024.0,182,1.0578628778457642,0.19394005835056305,1770389579.5485299,2026-02-06 09:06:37.911567
1770390399.143913,2025.0,182,1.2020635604858398,0.11552796512842178,1770389579.780876,2026-02-06 09:06:39.143913
1770390399.992946,2026.0,183,1.0691295862197876,0.0047141737304627895,1770389579.6299088,2026-02-06 09:06:39.992946
1770390400.941368,2027.0,183,1.4647868871688843,0.1055106446146965,1770389579.578331,2026-02-06 09:06:40.941368
1770390402.457296,2028.0,184,1.186405062675476,-0.003917747177183628,1770389580.0942588,2026-02-06 09:06:42.457296
1770390403.166316,2029.0,186,1.0621063709259033,0.14463770389556885,1770389579.803279,2026-02-06 09:06:43.166316
1770390404.20854,2030.0,187,1.2500979900360107,0.14189505577087402,1770389579.8455029,2026-02-06 09:06:44.208540
1770390405.382462,2031.0,189,0.9470401406288147,0.006944768596440554,1770389580.019425,2026-02-06 09:06:45.382462
1770390406.471504,2032.0,192,1.2599071264266968,0.3487608730792999,1770389580.1084669,2026-02-06 09:06:46.471504
1770390406.953815,2033.0,194,1.7146856784820557,0.6456979513168335,1770389579.5907779,2026-02-06 09:06:46.953815
1770390408.642349,2034.0,197,1.5327785015106201,0.32677561044692993,1770389580.279312,2026-02-06 09:06:48.642349
1770390409.044644,2035.0,199,1.065612554550171,0.10397668182849884,1770389579.681607,2026-02-06 09:06:49.044644
1770390411.327194,2036.0,202,1.157874345779419,0.2635561525821686,1770389580.9641569,2026-02-06 09:06:51.327194
1770390411.608993,2037.0,204,1.4116592407226562,0.15600483119487762,1770389580.245956,2026-02-06 09:06:51.608993
1770390412.550917,2038.0,207,0.8473984003067017,0.039334699511528015,1770389580.1878798,2026-02-06 09:06:52.550917
1770390413.195684,2039.0,209,1.2357124090194702,0.5676469206809998,1770389579.8326468,2026-02-06 09:06:53.195684
1770390413.977843,2040.0,212,1.7454895973205566,0.4541114866733551,1770389579.614806,2026-02-06 09:06:53.977843
1770390416.063847,2041.0,214,1.1424123048782349,0.09892027080059052,1770389580.70081,2026-02-06 09:06:56.063847
1770390416.282408,2042.0,217,1.1093521118164062,0.24614021182060242,1770389579.919371,2026-02-06 09:06:56.282408
1770390419.355929,2043.0,219,1.2546669244766235,0.17966477572917938,1770389581.9928918,2026-02-06 09:06:59.355929
1770390421.754244,2044.0,221,0.6195780634880066,-0.14552092552185059,1770389583.391207,2026-02-06 09:07:01.754244
1770390424.908382,2045.0,222,1.1412036418914795,0.30990782380104065,1770389585.5453448,2026-02-06 09:07:04.908382
1770390426.166205,2046.0,222,1.2989119291305542,0.1052875891327858,1770389585.8031678,2026-02-06 09:07:06.166205
1770390429.860868,2047.0,223,0.9201163053512573,0.054423391819000244,1770389588.4978309,2026-02-06 09:07:09.860868
1770390430.786877,2048.0,224,1.0135422945022583,-0.0021032330114394426,1770389588.4238398,2026-02-06 09:07:10.786877
1770390435.713156,2049.0,224,0.9870440363883972,-0.0031776977702975273,1770389592.3501189,2026-02-06 09:07:15.713156
1770390435.998073,2050.0,225,1.2006951570510864,0.1639312356710434,1770389591.635036,2026-02-06 09:07:15.998073
1770390440.700698,2051.0,227,1.0883477926254272,0.3509887754917145,1770389595.3376608,2026-02-06 09:07:20.700698
1770390442.122314,2052.0,228,1.5052857398986816,0.40067607164382935,1770389595.7592769,2026-02-06 09:07:22.122314
1770390444.342344,2053.0,228,1.2315900325775146,0.05144929140806198,1770389596.979307,2026-02-06 09:07:24.342344
1770390446.368608,2054.0,228,0.9077059030532837,0.029234804213047028,1770389598.005571,2026-02-06 09:07:26.368608
1770390446.499204,2055.0,228,0.9961968064308167,0.18656452000141144,1770389597.1361668,2026-02-06 09:07:26.499204
1770390446.761068,2056.0,228,0.9558796882629395,0.0024530524387955666,1770389596.398031,2026-02-06 09:07:26.761068
1770390446.808413,2057.0,228,1.0519695281982422,-0.009106012061238289,1770389595.445376,2026-02-06 09:07:26.808413
1770390446.828651,2058.0,228,0.6533857583999634,-0.008528689853847027,1770389594.4656138,2026-02-06 09:07:26.828651
1770390446.874601,2059.0,228,1.0576715469360352,0.02198253571987152,1770389593.5115638,2026-02-06 09:07:26.874601
1770390446.889087,2060.0,229,0.9840183258056641,-0.0052936263382434845,1770389592.5260499,2026-02-06 09:07:26.889087
1770390446.890994,2061.0,230,0.8218551874160767,-0.12089531123638153,1770389591.527957,2026-02-06 09:07:26.890994
1770390446.917016,2062.0,230,1.163557529449463,0.260963499546051,1770389590.553979,2026-02-06 09:07:26.917016
1770390446.923555,2063.0,231,0.9367934465408325,-0.05356859043240547,1770389589.5605178,2026-02-06 09:07:26.923555
1770390446.925124,2064.0,231,1.2097185850143433,0.027809523046016693,1770389588.5620868,2026-02-06 09:07:26.925124
1770390446.925124,2065.0,231,1.0538363456726074,0.0639028400182724,1770389587.5620868,2026-02-06 09:07:26.925124
1770390446.929202,2066.0,231,1.061972737312317,0.057630110532045364,1770389586.566165,2026-02-06 09:07:26.929202
1770390446.931204,2067.0,231,1.068606972694397,0.06235560029745102,1770389585.568167,2026-02-06 09:07:26.931204
1770390446.932199,2068.0,231,1.0651164054870605,0.06208406388759613,1770389584.569162,2026-02-06 09:07:26.932199
1770390446.933214,2069.0,231,1.083636999130249,0.0634896457195282,1770389583.5701768,2026-02-06 09:07:26.933214
1770390446.941427,2070.0,231,1.0687774419784546,0.06404925137758255,1770389582.57839,2026-02-06 09:07:26.941427
1770390446.942427,2071.0,231,1.0654730796813965,0.07084871083498001,1770389581.5793898,2026-02-06 09:07:26.942427
1770390446.944321,2072.0,231,1.0584752559661865,0.06067093089222908,1770389580.5812838,2026-02-06 09:07:26.944321
1770390461.128768,2087.0,231,1.0815937519073486,0.07206545770168304,1770389579.7657309,2026-02-06 09:07:41.128768
1770390476.018829,2102.0,231,1.05704927444458,0.05637703835964203,1770389579.655792,2026-02-06 09:07:56.018829
1770390491.23741,2117.0,231,1.0444735288619995,0.05163390561938286,1770389579.874373,2026-02-06 09:08:11.237410
1770390506.01989,2132.0,231,1.0653680562973022,0.05747929960489273,1770389579.656853,2026-02-06 09:08:26.019890
1770390521.082875,2147.0,231,1.0672483444213867,0.06425313651561737,1770389579.719838,2026-02-06 09:08:41.082875
1770390536.189828,2162.0,231,0.973666250705719,0.007627484388649464,1770389579.8267908,2026-02-06 09:08:56.189828
1770390551.079904,2177.0,231,1.0945478677749634,0.06860198080539703,1770389579.716867,2026-02-06 09:09:11.079904
1770390566.135906,2192.0,231,1.0639070272445679,0.05455886945128441,1770389579.7728689,2026-02-06 09:09:26.135906
1770390581.081402,2207.0,231,1.0663295984268188,0.06302186101675034,1770389579.718365,2026-02-06 09:09:41.081402
1770390596.358608,2222.0,231,1.0509581565856934,0.05483441427350044,1770389579.995571,2026-02-06 09:09:56.358608
1770390611.136246,2237.0,231,1.0593422651290894,0.05591290444135666,1770389579.7732089,2026-02-06 09:10:11.136246
1770390626.204403,2252.0,231,1.0837061405181885,0.07925938814878464,1770389579.8413658,2026-02-06 09:10:26.204403
1770390641.164421,2267.0,231,1.0512750148773193,0.05293983221054077,1770389579.801384,2026-02-06 09:10:41.164421
1770390656.517156,2282.0,231,1.0570638179779053,0.06337466090917587,1770389580.1541188,2026-02-06 09:10:56.517156
1770390671.144659,2297.0,231,1.0646600723266602,0.06563274562358856,1770389579.781622,2026-02-06 09:11:11.144659
1770390686.191805,2312.0,231,1.0494046211242676,0.06732701510190964,1770389579.8287678,2026-02-06 09:11:26.191805
1770390701.166421,2327.0,231,1.0602995157241821,0.05454905331134796,1770389579.8033838,2026-02-06 09:11:41.166421
1770390716.143011,2342.0,231,1.06022310256958,0.052150096744298935,1770389579.779974,2026-02-06 09:11:56.143011
1770390731.208806,2357.0,231,1.0723744630813599,0.053863633424043655,1770389579.845769,2026-02-06 09:12:11.208806
1770390746.335841,2372.0,231,1.1220600605010986,0.06168655306100845,1770389579.9728038,2026-02-06 09:12:26.335841
1770390761.381111,2387.0,231,1.0710092782974243,0.058117322623729706,1770389580.0180738,2026-02-06 09:12:41.381111
1770390776.339178,2402.0,231,1.051159381866455,0.05010249465703964,1770389579.976141,2026-02-06 09:12:56.339178
1770390778.972114,2405.0,231,1.0554217100143433,0.0619196742773056,1770390779.609077,2026-02-06 09:12:58.972114
1770390781.453503,2407.0,232,1.5113927125930786,0.3060443699359894,1770390780.0904658,2026-02-06 09:13:01.453503
1770390782.308157,2408.0,232,1.078089952468872,0.06087184697389603,1770390779.9451199,2026-02-06 09:13:02.308157
1770390783.345138,2409.0,234,1.0132033824920654,0.29717063903808594,1770390779.982101,2026-02-06 09:13:03.345138
1770390784.367364,2410.0,235,1.4878252744674683,0.2100864052772522,1770390780.0043268,2026-02-06 09:13:04.367364
1770390785.616361,2411.0,236,1.2379616498947144,0.12481280416250229,1770390780.2533238,2026-02-06 09:13:05.616361
1770390786.599665,2412.0,238,1.3172581195831299,0.28548675775527954,1770390780.2366278,2026-02-06 09:13:06.599665
1770390787.382061,2413.0,238,1.3165887594223022,0.2714702785015106,1770390780.019024,2026-02-06 09:13:07.382061
1770390788.269304,2414.0,240,1.1750956773757935,0.17242705821990967,1770390779.906267,2026-02-06 09:13:08.269304
1770390789.287696,2415.0,243,1.3311277627944946,0.4417452812194824,1770390779.9246588,2026-02-06 09:13:09.287696
1770390790.674164,2416.0,246,1.0165461301803589,-0.02167242020368576,1770390780.311127,2026-02-06 09:13:10.674164
1770390791.455426,2417.0,248,0.8292243480682373,-0.05472518876194954,1770390780.0923889,2026-02-06 09:13:11.455426
1770390792.288869,2418.0,249,1.3017196655273438,0.1559670865535736,1770390779.9258318,2026-02-06 09:13:12.288869
1770390793.367877,2419.0,251,0.7839764356613159,0.20532625913619995,1770390780.00484,2026-02-06 09:13:13.367877
1770390794.32861,2420.0,251,1.1221466064453125,0.07685685157775879,1770390779.9655728,2026-02-06 09:13:14.328610
1770390795.601493,2421.0,251,1.1914420127868652,0.09366937726736069,1770390780.2384558,2026-02-06 09:13:15.601493
1770390796.49017,2422.0,251,0.9300220608711243,-0.05695755407214165,1770390780.127133,2026-02-06 09:13:16.490170
1770390797.330538,2423.0,251,1.0178492069244385,0.04919630289077759,1770390779.967501,2026-02-06 09:13:17.330538
1770390798.287705,2424.0,251,1.1737533807754517,0.20640695095062256,1770390779.9246678,2026-02-06 09:13:18.287705
1770390799.586317,2425.0,251,0.8829473257064819,0.07796736061573029,1770390780.22328,2026-02-06 09:13:19.586317
1770390800.39254,2426.0,251,1.2041138410568237,0.21469321846961975,1770390780.0295029,2026-02-06 09:13:20.392540
1770390801.28992,2427.0,251,1.21475350856781,0.17740079760551453,1770390779.926883,2026-02-06 09:13:21.289920
1770390802.31007,2428.0,251,1.0875463485717773,0.0422995463013649,1770390779.947033,2026-02-06 09:13:22.310070
1770390817.519282,2443.0,251,0.9932276010513306,-0.013197505846619606,1770390780.156245,2026-02-06 09:13:37.519282
1770390832.309957,2458.0,251,0.9949582815170288,0.007787188049405813,1770390779.94692,2026-02-06 09:13:52.309957
1770390837.41076,2464.0,252,1.4440668821334839,0.3026956021785736,1770390779.0477228,2026-02-06 09:13:57.410760
1770390838.369713,2465.0,253,0.9474903345108032,-0.05192260071635246,1770390779.006676,2026-02-06 09:13:58.369713
1770390839.389979,2466.0,255,0.334843248128891,-0.6711073517799377,1770390779.0269418,2026-02-06 09:13:59.389979
1770390840.590877,2467.0,258,2.1057467460632324,0.6397971510887146,1770390779.22784,2026-02-06 09:14:00.590877
1770390841.489562,2468.0,261,0.9646724462509155,0.3389725983142853,1770390779.126525,2026-02-06 09:14:01.489562
1770390842.389499,2469.0,263,0.629660964012146,-0.34763774275779724,1770390779.0264618,2026-02-06 09:14:02.389499
1770390843.409787,2470.0,266,2.076996326446533,0.5701972842216492,1770390779.0467498,2026-02-06 09:14:03.409787
1770390844.470132,2471.0,268,1.0007307529449463,0.16226331889629364,1770390779.107095,2026-02-06 09:14:04.470132
1770390845.543098,2472.0,268,1.1366041898727417,0.12615476548671722,1770390779.1800609,2026-02-06 09:14:05.543098
1770390846.487553,2473.0,268,0.9473088383674622,-0.05102859064936638,1770390779.1245158,2026-02-06 09:14:06.487553
1770390847.430261,2474.0,268,0.9952250719070435,0.055406663566827774,1770390779.0672238,2026-02-06 09:14:07.430261
1770390848.39019,2475.0,268,1.0245087146759033,0.003351222025230527,1770390779.0271528,2026-02-06 09:14:08.390190
1770390849.689093,2476.0,269,1.1151471138000488,0.19211620092391968,1770390779.326056,2026-02-06 09:14:09.689093
1770390850.477779,2477.0,270,1.0394315719604492,0.057843342423439026,1770390779.1147418,2026-02-06 09:14:10.477779
1770390851.388219,2478.0,270,1.0581048727035522,0.0429113432765007,1770390779.025182,2026-02-06 09:14:11.388219
1770390852.4705,2479.0,271,1.9059786796569824,0.54396653175354,1770390779.107463,2026-02-06 09:14:12.470500
1770390853.689354,2480.0,272,1.1196048259735107,0.12407931685447693,1770390779.3263168,2026-02-06 09:14:13.689354
1770390854.629429,2481.0,273,1.1674951314926147,0.048318564891815186,1770390779.266392,2026-02-06 09:14:14.629429
1770390855.419469,2482.0,273,1.5405462980270386,-0.17986427247524261,1770390779.056432,2026-02-06 09:14:15.419469
1770390856.48984,2483.0,275,0.7729405164718628,-0.15366804599761963,1770390779.126803,2026-02-06 09:14:16.489840
1770390857.450471,2484.0,277,0.245095893740654,-0.5631398558616638,1770390779.0874338,2026-02-06 09:14:17.450471
1770390858.781858,2485.0,279,1.241793155670166,0.19955915212631226,1770390779.4188209,2026-02-06 09:14:18.781858
1770390859.624111,2486.0,280,1.0649887323379517,-0.0009104800410568714,1770390779.2610738,2026-02-06 09:14:19.624111
1770390861.168748,2487.0,281,1.9120901823043823,0.5923705101013184,1770390779.8057108,2026-02-06 09:14:21.168748
1770390861.470699,2488.0,282,1.0258601903915405,0.00015008397167548537,1770390779.107662,2026-02-06 09:14:21.470699
1770390862.430602,2489.0,282,1.0949132442474365,0.08829855173826218,1770390779.067565,2026-02-06 09:14:22.430602
1770390863.652181,2490.0,282,1.090405821800232,0.01124279759824276,1770390779.2891438,2026-02-06 09:14:23.652181
1770390864.663117,2491.0,282,0.9019683599472046,0.020044008269906044,1770390779.3000798,2026-02-06 09:14:24.663117
1770390865.551311,2492.0,282,1.1363089084625244,0.12193237990140915,1770390779.188274,2026-02-06 09:14:25.551311
1770390866.510301,2493.0,282,1.1454689502716064,0.018131272867321968,1770390779.147264,2026-02-06 09:14:26.510301
1770390867.470255,2494.0,282,0.9867958426475525,-0.03674398362636566,1770390779.1072178,2026-02-06 09:14:27.470255
1770390868.810805,2495.0,282,0.9545795321464539,0.029772400856018066,1770390779.447768,2026-02-06 09:14:28.810805
1770390869.533946,2496.0,282,1.0586246252059937,0.016802143305540085,1770390779.170909,2026-02-06 09:14:29.533946
1770390870.533487,2497.0,282,1.084672212600708,0.04294922947883606,1770390779.17045,2026-02-06 09:14:30.533487
1770390885.592577,2512.0,282,1.0777820348739624,0.06646902114152908,1770390779.2295399,2026-02-06 09:14:45.592577
1770390900.862483,2527.0,282,1.024861454963684,0.04487086459994316,1770390779.499446,2026-02-06 09:15:00.862483
1770390915.532945,2542.0,282,1.0906081199645996,0.05057759955525398,1770390779.1699078,2026-02-06 09:15:15.532945
1770390930.529171,2557.0,282,1.5044071674346924,0.15245336294174194,1770390779.1661339,2026-02-06 09:15:30.529171
1770390931.66037,2558.0,284,1.079323410987854,0.006009317003190517,1770390779.297333,2026-02-06 09:15:31.660370
1770390932.692384,2559.0,284,1.3607031106948853,0.2063317447900772,1770390779.329347,2026-02-06 09:15:32.692384
1770390933.593001,2560.0,285,0.8530058264732361,-0.17253495752811432,1770390779.2299638,2026-02-06 09:15:33.593001
1770390934.672675,2561.0,286,1.1678839921951294,0.27661842107772827,1770390779.3096378,2026-02-06 09:15:34.672675
1770390935.632499,2562.0,287,1.380135178565979,0.30967602133750916,1770390779.2694619,2026-02-06 09:15:35.632499
1770390936.854097,2563.0,288,0.768538236618042,-0.058793630450963974,1770390779.4910598,2026-02-06 09:15:36.854097
1770390937.661804,2564.0,289,1.3627798557281494,0.17871612310409546,1770390779.2987669,2026-02-06 09:15:37.661804
1770390938.577954,2565.0,290,1.1368576288223267,-0.01680353283882141,1770390779.214917,2026-02-06 09:15:38.577954
1770390939.652793,2566.0,290,1.0820562839508057,0.15268594026565552,1770390779.2897558,2026-02-06 09:15:39.652793
1770390940.620898,2567.0,291,1.125563383102417,0.14147795736789703,1770390779.257861,2026-02-06 09:15:40.620898
1770390941.573359,2568.0,291,1.038011074066162,0.05266609787940979,1770390779.210322,2026-02-06 09:15:41.573359
1770390942.590393,2569.0,291,0.9994983673095703,0.04446765035390854,1770390779.227356,2026-02-06 09:15:42.590393
1770390943.67502,2570.0,291,1.0791709423065186,0.01622617058455944,1770390779.3119829,2026-02-06 09:15:43.675020
1770390944.631601,2571.0,291,1.1111598014831543,0.0852646455168724,1770390779.268564,2026-02-06 09:15:44.631601
1770390945.653472,2572.0,291,1.0696172714233398,0.05862681195139885,1770390779.2904348,2026-02-06 09:15:45.653472
1770390946.941452,2573.0,292,1.079148292541504,0.09538288414478302,1770390779.578415,2026-02-06 09:15:46.941452
1770390947.858623,2574.0,292,1.095947504043579,0.0770127922296524,1770390779.495586,2026-02-06 09:15:47.858623
1770390948.653783,2575.0,292,1.0828670263290405,0.08171715587377548,1770390779.290746,2026-02-06 09:15:48.653783
1770390949.732245,2576.0,292,1.0689321756362915,0.06851954758167267,1770390779.3692079,2026-02-06 09:15:49.732245
1770390950.632982,2577.0,292,1.0664430856704712,0.07048098742961884,1770390779.269945,2026-02-06 09:15:50.632982
1770390951.933165,2578.0,292,1.0785995721817017,0.06757928431034088,1770390779.570128,2026-02-06 09:15:51.933165
1770390952.743846,2579.0,292,1.0593611001968384,0.06338563561439514,1770390779.3808088,2026-02-06 09:15:52.743846
1770390953.7152,2580.0,292,1.0600584745407104,0.06627773493528366,1770390779.3521628,2026-02-06 09:15:53.715200
1770390954.713261,2581.0,292,1.0526902675628662,0.06179972365498543,1770390779.3502238,2026-02-06 09:15:54.713261
1770390955.673648,2582.0,292,1.0695521831512451,0.061925068497657776,1770390779.310611,2026-02-06 09:15:55.673648
1770390970.674213,2597.0,292,0.9721697568893433,0.03703613951802254,1770390779.3111758,2026-02-06 09:16:10.674213
1770390985.677322,2612.0,292,0.8936688303947449,0.017320439219474792,1770390779.3142848,2026-02-06 09:16:25.677322
1770391000.735321,2627.0,292,1.0471084117889404,0.05184682831168175,1770390779.372284,2026-02-06 09:16:40.735321
1770391015.823126,2642.0,292,1.0699836015701294,0.07153814285993576,1770390779.460089,2026-02-06 09:16:55.823126
1770391030.880221,2657.0,292,1.0006437301635742,0.07296127080917358,1770390779.5171838,2026-02-06 09:17:10.880221
1770391045.685601,2672.0,292,1.0594456195831299,0.06409485638141632,1770390779.322564,2026-02-06 09:17:25.685601
1770391060.922763,2687.0,292,1.062712550163269,0.06072597578167915,1770390779.559726,2026-02-06 09:17:40.922763
1770391075.915413,2702.0,292,1.0680547952651978,0.061549656093120575,1770390779.5523758,2026-02-06 09:17:55.915413
1770391090.677327,2717.0,292,1.0534600019454956,0.048644352704286575,1770390779.3142898,2026-02-06 09:18:10.677327
1770391105.795177,2732.0,292,1.0643852949142456,0.06044449657201767,1770390779.4321399,2026-02-06 09:18:25.795177
1770391120.730915,2747.0,292,1.0587360858917236,0.050228044390678406,1770390779.367878,2026-02-06 09:18:40.730915
1770391135.730195,2762.0,292,1.0666320323944092,0.04908565804362297,1770390779.367158,2026-02-06 09:18:55.730195
1770391150.862561,2777.0,292,1.0544207096099854,0.05509018152952194,1770390779.4995239,2026-02-06 09:19:10.862561
1770391160.771688,2787.0,293,1.8637347221374512,0.32942184805870056,1770390779.4086509,2026-02-06 09:19:20.771688
1770391161.930061,2788.0,293,1.0539591312408447,0.11797380447387695,1770390779.567024,2026-02-06 09:19:21.930061
1770391162.810906,2789.0,293,1.0724766254425049,0.07038576155900955,1770390779.4478688,2026-02-06 09:19:22.810906
1770391163.650926,2790.0,293,0.9239805340766907,-0.07313410937786102,1770390779.287889,2026-02-06 09:19:23.650926
1770391164.660198,2791.0,293,1.0148826837539673,0.05928192660212517,1770390779.2971609,2026-02-06 09:19:24.660198
1770391165.679981,2792.0,293,1.0565859079360962,0.05437865108251572,1770390779.316944,2026-02-06 09:19:25.679981
1770391166.9987,2793.0,293,1.014133095741272,0.04456202685832977,1770390779.6356628,2026-02-06 09:19:26.998700
1770391167.753279,2794.0,293,1.0583240985870361,0.06400744616985321,1770390779.3902419,2026-02-06 09:19:27.753279
1770391168.680205,2795.0,293,0.9886976480484009,-0.037504296749830246,1770390779.317168,2026-02-06 09:19:28.680205
1770391169.700267,2796.0,293,1.0693385601043701,0.06175742670893669,1770390779.33723,2026-02-06 09:19:29.700267
1770391184.700298,2811.0,293,1.0482943058013916,0.04205251857638359,1770390779.337261,2026-02-06 09:19:44.700298
1770391199.700409,2826.0,293,1.0453712940216064,0.036179009824991226,1770390779.3373718,2026-02-06 09:19:59.700409
1770391215.125707,2841.0,293,1.0450010299682617,0.03614479675889015,1770390779.7626698,2026-02-06 09:20:15.125707
1770391229.762605,2856.0,293,1.0648136138916016,0.06071983277797699,1770390779.3995678,2026-02-06 09:20:29.762605
1770391244.838535,2871.0,293,1.0500333309173584,0.059676747769117355,1770390779.475498,2026-02-06 09:20:44.838535
1770391259.825338,2886.0,293,1.0458112955093384,0.061990950256586075,1770390779.4623008,2026-02-06 09:20:59.825338
1770391275.135655,2901.0,293,1.0609707832336426,0.04152524098753929,1770390779.7726178,2026-02-06 09:21:15.135655
1770391289.986538,2916.0,293,1.0528062582015991,0.05237652361392975,1770390779.6235008,2026-02-06 09:21:29.986538
1770391304.823218,2931.0,293,1.0709822177886963,0.055085208266973495,1770390779.460181,2026-02-06 09:21:44.823218
1770391319.884228,2946.0,293,1.0006062984466553,0.02598343975841999,1770390779.521191,2026-02-06 09:21:59.884228
1770391335.014488,2961.0,293,1.0569508075714111,0.057285111397504807,1770390779.6514509,2026-02-06 09:22:15.014488
1770391350.083035,2976.0,293,1.0547175407409668,0.05986009165644646,1770390779.719998,2026-02-06 09:22:30.083035
1770391364.974407,2991.0,293,1.0527876615524292,0.05452215299010277,1770390779.6113698,2026-02-06 09:22:44.974407
1770391379.880183,3006.0,293,1.0489356517791748,0.051450178027153015,1770390779.5171459,2026-02-06 09:22:59.880183
1770391394.886213,3021.0,293,1.063497543334961,0.064351886510849,1770390779.523176,2026-02-06 09:23:14.886213
1770391409.834336,3036.0,293,1.0589178800582886,0.06106977537274361,1770390779.471299,2026-02-06 09:23:29.834336
1770391424.880417,3051.0,293,1.032335638999939,0.07243777066469193,1770390779.51738,2026-02-06 09:23:44.880417
1770391439.88237,3066.0,293,1.0888347625732422,0.06915567815303802,1770390779.519333,2026-02-06 09:23:59.882370
1770391454.887979,3081.0,293,1.0170791149139404,0.0512482114136219,1770390779.524942,2026-02-06 09:24:14.887979
1770391469.960364,3096.0,293,1.065062403678894,0.058319274336099625,1770390779.597327,2026-02-06 09:24:29.960364
1770391484.88856,3111.0,293,1.082600474357605,0.06356056779623032,1770390779.525523,2026-02-06 09:24:44.888560
1770391499.890015,3126.0,293,1.0560460090637207,0.056732259690761566,1770390779.5269778,2026-02-06 09:24:59.890015
1770391514.954712,3141.0,293,1.0581988096237183,0.05923577770590782,1770390779.5916748,2026-02-06 09:25:14.954712
1770391530.070896,3156.0,293,1.0503151416778564,0.0592595599591732,1770390779.7078588,2026-02-06 09:25:30.070896
1770391544.956145,3171.0,293,1.045782446861267,0.04345462843775749,1770390779.593108,2026-02-06 09:25:44.956145
1770391560.09253,3186.0,293,1.0662720203399658,0.06090286746621132,1770390779.729493,2026-02-06 09:26:00.092530
1770391575.03403,3201.0,293,1.0693049430847168,0.06638037413358688,1770390779.6709929,2026-02-06 09:26:15.034030
1770391589.943747,3216.0,293,1.070963978767395,0.07172297686338425,1770390779.58071,2026-02-06 09:26:29.943747
1770391604.95262,3231.0,293,1.0581214427947998,0.060422204434871674,1770390779.589583,2026-02-06 09:26:44.952620
1770391619.952262,3246.0,293,1.0556467771530151,0.05624691769480705,1770390779.5892248,2026-02-06 09:26:59.952262
1770391634.953357,3261.0,293,1.056902527809143,0.055899541825056076,1770390779.5903199,2026-02-06 09:27:14.953357
1770391649.974133,3276.0,293,1.0606459379196167,0.05475268512964249,1770390779.611096,2026-02-06 09:27:29.974133
1770391665.051634,3291.0,293,1.0360530614852905,0.05642341822385788,1770390779.688597,2026-02-06 09:27:45.051634
1770391679.956642,3306.0,293,1.0563369989395142,0.05853467062115669,1770390779.5936048,2026-02-06 09:27:59.956642
1770391695.015202,3321.0,293,1.0671621561050415,0.05834619328379631,1770390779.652165,2026-02-06 09:28:15.015202
1770391710.140212,3336.0,293,1.0358407497406006,0.05003052204847336,1770390779.777175,2026-02-06 09:28:30.140212
1770391725.017217,3351.0,293,1.0628160238265991,0.05813954025506973,1770390779.6541798,2026-02-06 09:28:45.017217
1770391740.021804,3366.0,293,1.0576435327529907,0.0632132962346077,1770390779.658767,2026-02-06 09:29:00.021804
1770391755.017847,3381.0,293,1.150515079498291,0.07766281813383102,1770390779.65481,2026-02-06 09:29:15.017847
1770391770.131605,3396.0,293,1.0638034343719482,0.06262854486703873,1770390779.7685678,2026-02-06 09:29:30.131605
1770391785.019306,3411.0,293,1.0482313632965088,0.05585096403956413,1770390779.6562688,2026-02-06 09:29:45.019306
1770391800.019525,3426.0,293,1.0560885667800903,0.054565880447626114,1770390779.656488,2026-02-06 09:30:00.019525
1770391815.023423,3441.0,293,1.0533654689788818,0.05692896619439125,1770390779.6603858,2026-02-06 09:30:15.023423
1770391830.185194,3456.0,293,1.0747729539871216,0.0629172995686531,1770390779.822157,2026-02-06 09:30:30.185194
1770391845.139623,3471.0,293,1.058763027191162,0.05921069160103798,1770390779.7765858,2026-02-06 09:30:45.139623
1770391860.020039,3486.0,293,1.0516595840454102,0.06160849332809448,1770390779.657002,2026-02-06 09:31:00.020039
1770391875.081134,3501.0,293,1.0600075721740723,0.05708687752485275,1770390779.718097,2026-02-06 09:31:15.081134
1770391890.082156,3516.0,293,1.0633763074874878,0.06121358275413513,1770390779.7191188,2026-02-06 09:31:30.082156
1770391905.141002,3531.0,293,1.0960159301757812,0.07516176253557205,1770390779.7779648,2026-02-06 09:31:45.141002
1770391920.13023,3546.0,293,1.0607144832611084,0.06537279486656189,1770390779.7671928,2026-02-06 09:32:00.130230
1770391935.232225,3561.0,293,1.0678600072860718,0.06290368735790253,1770390779.8691878,2026-02-06 09:32:15.232225
1770391950.211066,3576.0,293,1.0644787549972534,0.06934886425733566,1770390779.848029,2026-02-06 09:32:30.211066
1770391965.147126,3591.0,293,1.0391881465911865,0.05890953913331032,1770390779.7840889,2026-02-06 09:32:45.147126
1770391979.184271,3605.0,293,1.0656275749206543,0.06190831586718559,1770391979.8312438,2026-02-06 09:32:59.184271
1770391979.422272,3606.0,294,1.0039018392562866,0.019481992349028587,1770391979.0692446,2026-02-06 09:32:59.422272
1770391980.442832,3607.0,294,0.9618076682090759,0.036250725388526917,1770391979.0898046,2026-02-06 09:33:00.442832
1770391981.623575,3608.0,294,1.3318246603012085,0.01665889285504818,1770391979.2705476,2026-02-06 09:33:01.623575
1770391982.523802,3609.0,295,1.0261914730072021,0.07319235801696777,1770391979.1707747,2026-02-06 09:33:02.523802
1770391983.443995,3610.0,295,1.0768635272979736,0.1653939038515091,1770391979.0909677,2026-02-06 09:33:03.443995
1770391984.404266,3611.0,296,0.9070463180541992,0.028478987514972687,1770391979.0512388,2026-02-06 09:33:04.404266
1770391985.424495,3612.0,296,1.3541492223739624,0.2675940692424774,1770391979.0714676,2026-02-06 09:33:05.424495
1770391986.628506,3613.0,297,1.3001450300216675,0.35586264729499817,1770391979.2754786,2026-02-06 09:33:06.628506
1770391987.528886,3614.0,298,1.0506926774978638,0.14179395139217377,1770391979.1758587,2026-02-06 09:33:07.528886
1770391988.539999,3615.0,300,1.3454519510269165,0.42729684710502625,1770391979.1869717,2026-02-06 09:33:08.539999
1770391989.439537,3616.0,300,0.3480071723461151,-0.14790132641792297,1770391979.0865097,2026-02-06 09:33:09.439537
1770391990.523841,3617.0,302,0.8683708906173706,-0.0710255578160286,1770391979.1708136,2026-02-06 09:33:10.523841
1770391991.630539,3618.0,302,0.9114609360694885,0.08995619416236877,1770391979.2775116,2026-02-06 09:33:11.630539
1770391992.653006,3619.0,302,0.9951004981994629,0.06254003942012787,1770391979.2999787,2026-02-06 09:33:12.653006
1770391993.641735,3620.0,302,1.027164101600647,-0.06547774374485016,1770391979.2887077,2026-02-06 09:33:13.641735
1770391994.541642,3621.0,302,1.0210543870925903,0.09304597973823547,1770391979.1886146,2026-02-06 09:33:14.541642
1770391995.582471,3622.0,302,1.2411417961120605,0.009368319064378738,1770391979.2294436,2026-02-06 09:33:15.582471
1770391996.525485,3623.0,303,0.968502938747406,-0.10671859979629517,1770391979.1724577,2026-02-06 09:33:16.525485
1770391997.54226,3624.0,304,0.9199423789978027,0.15125401318073273,1770391979.1892326,2026-02-06 09:33:17.542260
1770391998.508387,3625.0,304,0.941620409488678,-0.019852902740240097,1770391979.1553597,2026-02-06 09:33:18.508387
1770391999.524844,3626.0,305,0.9342960119247437,-0.05861721187829971,1770391979.1718166,2026-02-06 09:33:19.524844
1770392000.544223,3627.0,305,0.9888948202133179,0.20643508434295654,1770391979.1911957,2026-02-06 09:33:20.544223
1770392001.505337,3628.0,305,0.8266009092330933,-0.12093722075223923,1770391979.1523097,2026-02-06 09:33:21.505337
1770392002.661961,3629.0,305,1.1834664344787598,0.05642687529325485,1770391979.3089337,2026-02-06 09:33:22.661961
1770392003.560325,3630.0,305,0.9141186475753784,0.0011582786682993174,1770391979.2072976,2026-02-06 09:33:23.560325
1770392004.565016,3631.0,305,0.9588227272033691,-0.06542032212018967,1770391979.2119887,2026-02-06 09:33:24.565016
1770392005.52496,3632.0,305,0.9921743869781494,-0.01696057803928852,1770391979.1719327,2026-02-06 09:33:25.524960
1770392006.954537,3633.0,306,1.8858213424682617,0.6026476621627808,1770391979.6015096,2026-02-06 09:33:26.954537
1770392007.781171,3634.0,306,1.2370550632476807,-0.18132717907428741,1770391979.4281437,2026-02-06 09:33:27.781171
1770392008.658129,3635.0,308,0.9496914744377136,0.11083175987005234,1770391979.3051016,2026-02-06 09:33:28.658129
1770392009.581294,3636.0,309,1.7060260772705078,0.6305550336837769,1770391979.2282667,2026-02-06 09:33:29.581294
1770392010.625343,3637.0,312,0.9952070116996765,0.09232907742261887,1770391979.2723157,2026-02-06 09:33:30.625343
1770392011.524637,3638.0,313,1.2856757640838623,0.26604190468788147,1770391979.1716096,2026-02-06 09:33:31.524637
1770392012.788674,3639.0,314,1.2714141607284546,0.1751343458890915,1770391979.4356468,2026-02-06 09:33:32.788674
1770392013.575686,3640.0,314,1.4916222095489502,0.1102335974574089,1770391979.2226586,2026-02-06 09:33:33.575686
1770392014.53033,3641.0,314,1.1451659202575684,0.2417033612728119,1770391979.1773026,2026-02-06 09:33:34.530330
1770392015.539944,3642.0,314,1.102085828781128,0.14002546668052673,1770391979.1869166,2026-02-06 09:33:35.539944
1770392016.923991,3643.0,315,1.0407488346099854,0.35211578011512756,1770391979.5709636,2026-02-06 09:33:36.923991
1770392017.589351,3644.0,317,1.9978190660476685,0.7444757223129272,1770391979.2363236,2026-02-06 09:33:37.589351
1770392018.665027,3645.0,320,2.682190179824829,1.4468731880187988,1770391979.3119996,2026-02-06 09:33:38.665027
1770392019.565447,3646.0,324,2.282364845275879,0.6804314255714417,1770391979.2124197,2026-02-06 09:33:39.565447
1770392020.646148,3647.0,327,0.8184943795204163,0.1929331123828888,1770391979.2931206,2026-02-06 09:33:40.646148
1770392021.825758,3648.0,328,1.019033432006836,0.0003024199977517128,1770391979.4727306,2026-02-06 09:33:41.825758
1770392022.880403,3649.0,329,0.9714293479919434,-0.035705048590898514,1770391979.5273757,2026-02-06 09:33:42.880403
1770392023.778684,3650.0,329,0.9717453122138977,0.016379464417696,1770391979.4256566,2026-02-06 09:33:43.778684
1770392024.618326,3651.0,329,1.0362509489059448,-0.013506769202649593,1770391979.2652986,2026-02-06 09:33:44.618326
1770392025.624853,3652.0,329,1.008692741394043,0.011540081351995468,1770391979.2718256,2026-02-06 09:33:45.624853
1770392026.644487,3653.0,329,0.8899814486503601,-0.03447085991501808,1770391979.2914596,2026-02-06 09:33:46.644487
1770392027.878486,3654.0,329,1.125627875328064,0.08873520791530609,1770391979.5254586,2026-02-06 09:33:47.878486
1770392028.611955,3655.0,329,1.063122272491455,0.04518052935600281,1770391979.2589276,2026-02-06 09:33:48.611955
1770392029.578334,3656.0,329,1.0412828922271729,0.04727218300104141,1770391979.2253067,2026-02-06 09:33:49.578334
1770392030.666684,3657.0,329,1.0999727249145508,0.07886853069067001,1770391979.3136566,2026-02-06 09:33:50.666684
1770392031.570155,3658.0,329,0.8176759481430054,-0.02475147135555744,1770391979.2171276,2026-02-06 09:33:51.570155
1770392034.948641,3661.0,330,1.5133898258209229,0.3086893558502197,1770391979.5956137,2026-02-06 09:33:54.948641
1770392035.834251,3662.0,330,0.8435579538345337,-0.10706119239330292,1770391979.4812236,2026-02-06 09:33:55.834251
1770392036.84652,3663.0,330,0.9202684164047241,-0.03884807601571083,1770391979.4934926,2026-02-06 09:33:56.846520
1770392037.86513,3664.0,332,1.2986969947814941,0.4230290353298187,1770391979.5121026,2026-02-06 09:33:57.865130
1770392039.278102,3665.0,334,1.4239764213562012,0.21659356355667114,1770391979.9250746,2026-02-06 09:33:59.278102
1770392040.203839,3666.0,335,1.6325163841247559,0.32511353492736816,1770391979.8508117,2026-02-06 09:34:00.203839
1770392041.061208,3667.0,337,1.5756890773773193,0.6712328195571899,1770391979.7081807,2026-02-06 09:34:01.061208
1770392041.916937,3668.0,339,0.7506889700889587,-0.25536730885505676,1770391979.5639098,2026-02-06 09:34:01.916937
1770392042.843782,3669.0,341,1.188459038734436,0.23362287878990173,1770391979.4907546,2026-02-06 09:34:02.843782
1770392043.866745,3670.0,341,1.1408860683441162,0.07617722451686859,1770391979.5137177,2026-02-06 09:34:03.866745
1770392045.201087,3671.0,341,0.8912586569786072,-0.12582553923130035,1770391979.8480597,2026-02-06 09:34:05.201087
1770392046.019727,3672.0,341,1.2545971870422363,0.04178450629115105,1770391979.6666996,2026-02-06 09:34:06.019727
1770392046.880868,3673.0,341,1.1687352657318115,0.15944698452949524,1770391979.5278406,2026-02-06 09:34:06.880868
1770392047.947145,3674.0,341,0.9240157008171082,-0.09730163961648941,1770391979.5941176,2026-02-06 09:34:07.947145
1770392048.905829,3675.0,342,1.244385004043579,0.2896721661090851,1770391979.5528016,2026-02-06 09:34:08.905829
1770392049.886059,3676.0,342,0.9072039127349854,0.0464775487780571,1770391979.5330317,2026-02-06 09:34:09.886059
1770392051.147,3677.0,342,1.1844416856765747,0.03526686504483223,1770391979.7939727,2026-02-06 09:34:11.147000
1770392052.03396,3678.0,343,1.106752872467041,0.13788655400276184,1770391979.6809328,2026-02-06 09:34:12.033960
1770392052.866332,3679.0,343,1.0227419137954712,0.033960357308387756,1770391979.5133047,2026-02-06 09:34:12.866332
1770392053.900377,3680.0,343,1.2975252866744995,0.008349587209522724,1770391979.5473497,2026-02-06 09:34:13.900377
1770392054.838548,3681.0,344,0.9738213419914246,0.08426888287067413,1770391979.4855206,2026-02-06 09:34:14.838548
1770392056.338407,3682.0,344,0.9412996172904968,0.05241389945149422,1770391979.9853797,2026-02-06 09:34:16.338407
1770392057.075886,3683.0,344,1.046604037284851,-0.020719576627016068,1770391979.7228587,2026-02-06 09:34:17.075886
1770392057.957335,3684.0,344,1.4123246669769287,0.11373944580554962,1770391979.6043077,2026-02-06 09:34:17.957335
1770392058.877666,3685.0,345,0.9416974186897278,0.07092062383890152,1770391979.5246387,2026-02-06 09:34:18.877666
1770392059.939722,3686.0,347,1.4303125143051147,0.3137481212615967,1770391979.5866947,2026-02-06 09:34:19.939722
1770392061.134239,3687.0,348,0.9693389534950256,0.022430231794714928,1770391979.7812116,2026-02-06 09:34:21.134239
1770392061.961861,3688.0,349,1.2062218189239502,0.17270460724830627,1770391979.6088336,2026-02-06 09:34:21.961861
1770392062.889748,3689.0,349,0.9230520129203796,-0.18999972939491272,1770391979.5367208,2026-02-06 09:34:22.889748
1770392063.901779,3690.0,350,0.717619001865387,-0.03335106372833252,1770391979.5487516,2026-02-06 09:34:23.901779
1770392064.881601,3691.0,353,1.0548830032348633,0.17236363887786865,1770391979.5285738,2026-02-06 09:34:24.881601
1770392065.947302,3692.0,353,1.008538007736206,0.09875592589378357,1770391979.5942748,2026-02-06 09:34:25.947302
1770392067.127516,3693.0,354,1.4142351150512695,0.31226709485054016,1770391979.7744887,2026-02-06 09:34:27.127516
1770392067.974028,3694.0,354,0.9822072386741638,-0.04211076349020004,1770391979.6210008,2026-02-06 09:34:27.974028
1770392069.089296,3695.0,354,1.1757283210754395,0.1107228696346283,1770391979.7362688,2026-02-06 09:34:29.089296
1770392069.964732,3696.0,354,0.9912179708480835,0.08830512315034866,1770391979.6117046,2026-02-06 09:34:29.964732
1770392070.927561,3697.0,355,1.110410213470459,0.09454529732465744,1770391979.5745337,2026-02-06 09:34:30.927561
1770392071.886488,3698.0,355,1.1098806858062744,0.1800737977027893,1770391979.5334606,2026-02-06 09:34:31.886488
1770392072.906551,3699.0,356,1.1316879987716675,0.12777438759803772,1770391979.5535235,2026-02-06 09:34:32.906551
1770392074.128679,3700.0,356,0.9730225801467896,-0.02188131771981716,1770391979.7756517,2026-02-06 09:34:34.128679
1770392075.000161,3701.0,356,0.7978370785713196,-0.13294507563114166,1770391979.6471336,2026-02-06 09:34:35.000161
1770392075.907633,3702.0,357,1.1558871269226074,-0.07788726687431335,1770391979.5546057,2026-02-06 09:34:35.907633
1770392076.926553,3703.0,357,0.8039751052856445,-0.03794039040803909,1770391979.5735257,2026-02-06 09:34:36.926553
1770392077.881452,3704.0,358,1.049039602279663,0.098395936191082,1770391979.5284247,2026-02-06 09:34:37.881452
1770392079.164271,3705.0,359,0.9937665462493896,-0.0060327062383294106,1770391979.8112438,2026-02-06 09:34:39.164271
1770392080.156016,3706.0,359,1.1872228384017944,0.1477327197790146,1770391979.8029888,2026-02-06 09:34:40.156016
1770392080.9923,3707.0,360,0.9995328783988953,0.02111605554819107,1770391979.6392727,2026-02-06 09:34:40.992300
1770392082.02641,3708.0,360,1.1828583478927612,0.12922507524490356,1770391979.6733828,2026-02-06 09:34:42.026410
1770392082.92676,3709.0,360,1.0883170366287231,-0.1179501861333847,1770391979.5737326,2026-02-06 09:34:42.926760
1770392083.947296,3710.0,360,0.9069393277168274,0.06610967218875885,1770391979.5942686,2026-02-06 09:34:43.947296
1770392085.223644,3711.0,360,1.0946054458618164,0.10977613925933838,1770391979.8706167,2026-02-06 09:34:45.223644
1770392086.183224,3712.0,362,1.024200677871704,-0.12346857786178589,1770391979.8301966,2026-02-06 09:34:46.183224
1770392087.16599,3713.0,364,0.9292480945587158,0.10182339698076248,1770391979.8129628,2026-02-06 09:34:47.165990
1770392087.970063,3714.0,365,1.134122610092163,-0.03405420109629631,1770391979.6170356,2026-02-06 09:34:47.970063
1770392088.984331,3715.0,365,1.1055192947387695,0.09425404667854309,1770391979.6313035,2026-02-06 09:34:48.984331
1770392089.946068,3716.0,365,1.0835723876953125,0.20086348056793213,1770391979.5930407,2026-02-06 09:34:49.946068
1770392091.332163,3717.0,365,1.0371628999710083,0.059007320553064346,1770391979.9791358,2026-02-06 09:34:51.332163
1770392092.085519,3718.0,365,1.0524704456329346,0.04404471069574356,1770391979.7324917,2026-02-06 09:34:52.085519
1770392092.954926,3719.0,365,1.049264907836914,0.047726716846227646,1770391979.6018987,2026-02-06 09:34:52.954926
1770392093.967034,3720.0,365,1.0922322273254395,0.06149117648601532,1770391979.6140068,2026-02-06 09:34:53.967034
1770392095.397015,3721.0,365,1.0548583269119263,0.054176002740859985,1770391980.0439878,2026-02-06 09:34:55.397015
1770392096.196913,3722.0,365,1.0538452863693237,0.05582375079393387,1770391979.8438857,2026-02-06 09:34:56.196913
1770392097.144308,3723.0,365,1.0550572872161865,0.062016211450099945,1770391979.7912807,2026-02-06 09:34:57.144308
1770392098.037796,3724.0,366,1.2794252634048462,0.1867085099220276,1770391979.6847687,2026-02-06 09:34:58.037796
1770392098.947967,3725.0,366,1.2036004066467285,-0.30040672421455383,1770391979.5949397,2026-02-06 09:34:58.947967
1770392099.967712,3726.0,369,1.0531648397445679,0.04160084202885628,1770391979.6146846,2026-02-06 09:34:59.967712
1770392100.999001,3727.0,369,0.962246298789978,0.07152723520994186,1770391979.6459737,2026-02-06 09:35:00.999001
1770392102.026407,3728.0,369,0.9122395515441895,0.05016247183084488,1770391979.6733797,2026-02-06 09:35:02.026407
1770392103.028183,3729.0,369,1.001819372177124,-0.0032767511438578367,1770391979.6751556,2026-02-06 09:35:03.028183
1770392103.987602,3730.0,369,1.044686198234558,0.009553232230246067,1770391979.6345747,2026-02-06 09:35:03.987602
1770392105.360782,3731.0,369,1.0879430770874023,0.03820723295211792,1770391980.0077546,2026-02-06 09:35:05.360782
1770392106.254166,3732.0,369,0.9832909107208252,-0.004029330797493458,1770391979.9011385,2026-02-06 09:35:06.254166
1770392107.180208,3733.0,369,1.0121413469314575,0.026667367666959763,1770391979.8271806,2026-02-06 09:35:07.180208
1770392108.021764,3734.0,369,0.9626162648200989,-0.0049890480004251,1770391979.6687367,2026-02-06 09:35:08.021764
1770392109.027679,3735.0,369,0.9845958352088928,-0.0022418061271309853,1770391979.6746516,2026-02-06 09:35:09.027679
1770392119.255396,3745.0,370,1.4413942098617554,0.3036510646343231,1770391979.9023685,2026-02-06 09:35:19.255396
1770392120.139481,3746.0,370,1.0984033346176147,0.10438118129968643,1770391979.7864537,2026-02-06 09:35:20.139481
1770392121.049021,3747.0,370,0.9805437326431274,0.16278313100337982,1770391979.6959937,2026-02-06 09:35:21.049021
1770392122.062502,3748.0,370,1.094510793685913,0.08939165621995926,1770391979.7094746,2026-02-06 09:35:22.062502
1770392123.007951,3749.0,370,1.3081681728363037,0.13150890171527863,1770391979.6549237,2026-02-06 09:35:23.007951
1770392124.027631,3750.0,370,1.2000833749771118,0.1358034610748291,1770391979.6746037,2026-02-06 09:35:24.027631
1770392125.452652,3751.0,370,1.0663479566574097,0.08107943832874298,1770391980.0996246,2026-02-06 09:35:25.452652
1770392126.250678,3752.0,370,1.0789897441864014,0.08134747296571732,1770391979.8976507,2026-02-06 09:35:26.250678
1770392127.112377,3753.0,370,1.1081178188323975,0.08606165647506714,1770391979.7593496,2026-02-06 09:35:27.112377
1770392128.042705,3754.0,370,1.1118155717849731,0.08993479609489441,1770391979.6896777,2026-02-06 09:35:28.042705
1770392143.04854,3769.0,370,1.0652539730072021,0.06768713891506195,1770391979.6955128,2026-02-06 09:35:43.048540
1770392158.044274,3784.0,370,1.0476588010787964,0.04244383051991463,1770391979.6912467,2026-02-06 09:35:58.044274
1770392173.109588,3799.0,370,1.048703908920288,0.04283808171749115,1770391979.7565606,2026-02-06 09:36:13.109588
1770392188.468208,3814.0,370,1.0250122547149658,0.032950107008218765,1770391980.1151807,2026-02-06 09:36:28.468208
1770392203.22587,3829.0,370,1.0786917209625244,0.05777408555150032,1770391979.8728426,2026-02-06 09:36:43.225870
1770392218.464924,3844.0,370,1.0660558938980103,0.0649731457233429,1770391980.1118968,2026-02-06 09:36:58.464924
1770392233.239331,3859.0,370,1.0528234243392944,0.08119139820337296,1770391979.8863037,2026-02-06 09:37:13.239331
1770392248.172238,3874.0,370,1.069606900215149,0.0823083370923996,1770391979.8192108,2026-02-06 09:37:28.172238
1770392263.444252,3889.0,370,1.0866954326629639,0.07031158357858658,1770391980.0912247,2026-02-06 09:37:43.444252
1770392278.194706,3904.0,370,1.0629608631134033,0.07760722190141678,1770391979.8416786,2026-02-06 09:37:58.194706
1770392293.253144,3919.0,370,1.0761696100234985,0.07136662304401398,1770391979.9001167,2026-02-06 09:38:13.253144
1770392308.435012,3934.0,370,0.8511933088302612,0.0024077799171209335,1770391980.0819848,2026-02-06 09:38:28.435012
1770392323.32192,3949.0,370,1.029876708984375,0.05252331867814064,1770391979.9688926,2026-02-06 09:38:43.321920
1770392338.42987,3964.0,370,1.0802323818206787,0.07842057198286057,1770391980.0768425,2026-02-06 09:38:58.429870
1770392353.295401,3979.0,370,1.0933301448822021,0.06218395009636879,1770391979.9423738,2026-02-06 09:39:13.295401
1770392368.23794,3994.0,370,1.1301370859146118,0.05857720598578453,1770391979.8849127,2026-02-06 09:39:28.237940
1770392383.301409,4009.0,370,1.0588338375091553,0.05122135207056999,1770391979.9483817,2026-02-06 09:39:43.301409
1770392398.246352,4024.0,370,1.056444525718689,0.06536175310611725,1770391979.8933246,2026-02-06 09:39:58.246352
1770392413.236819,4039.0,370,1.0498080253601074,0.05075811594724655,1770391979.8837917,2026-02-06 09:40:13.236819
1770392428.298932,4054.0,370,1.060673475265503,0.06360562145709991,1770391979.9459047,2026-02-06 09:40:28.298932
1770392443.315803,4069.0,370,1.0637768507003784,0.06999296694993973,1770391979.9627757,2026-02-06 09:40:43.315803
1770392446.958334,4073.0,371,1.7213358879089355,0.3045053780078888,1770391979.6053066,2026-02-06 09:40:46.958334
1770392448.060299,4074.0,371,1.0496138334274292,0.06118691712617874,1770391979.7072716,2026-02-06 09:40:48.060299
1770392449.222514,4075.0,371,1.0701967477798462,0.06030614301562309,1770391979.8694866,2026-02-06 09:40:49.222514
1770392450.167112,4076.0,371,1.0578217506408691,0.05982397496700287,1770391979.8140848,2026-02-06 09:40:50.167112
1770392450.978581,4077.0,371,1.0368192195892334,0.047522079199552536,1770391979.6255536,2026-02-06 09:40:50.978581
1770392452.189694,4078.0,371,1.0649398565292358,0.07158217579126358,1770391979.8366666,2026-02-06 09:40:52.189694
1770392453.050549,4079.0,371,1.0611027479171753,0.06603597104549408,1770391979.6975217,2026-02-06 09:40:53.050549
1770392453.99037,4080.0,371,1.066221833229065,0.060757141560316086,1770391979.6373427,2026-02-06 09:40:53.990370
1770392454.995501,4081.0,371,1.0237382650375366,0.05979209393262863,1770391979.6424737,2026-02-06 09:40:54.995501
1770392455.951155,4082.0,371,1.0724667310714722,0.06408490985631943,1770391979.5981276,2026-02-06 09:40:55.951155
1770392471.090189,4097.0,371,1.0772771835327148,0.06552727520465851,1770391979.7371616,2026-02-06 09:41:11.090189
1770392486.019685,4112.0,371,1.0967793464660645,0.12543876469135284,1770391979.6666577,2026-02-06 09:41:26.019685
1770392501.080699,4127.0,371,1.0674989223480225,0.061832524836063385,1770391979.7276716,2026-02-06 09:41:41.080699
1770392516.431833,4142.0,371,1.0290724039077759,0.0366501547396183,1770391980.0788057,2026-02-06 09:41:56.431833
1770392531.302054,4157.0,371,1.0884934663772583,0.08140453696250916,1770391979.9490266,2026-02-06 09:42:11.302054
1770392546.074297,4172.0,371,1.0707292556762695,0.07335884124040604,1770391979.7212696,2026-02-06 09:42:26.074297
1770392561.138554,4187.0,371,1.0705143213272095,0.07031218707561493,1770391979.7855268,2026-02-06 09:42:41.138554
1770392576.139074,4202.0,371,1.0600005388259888,0.059225715696811676,1770391979.7860467,2026-02-06 09:42:56.139074
1770392591.076151,4217.0,371,1.1004494428634644,0.07424058020114899,1770391979.7231236,2026-02-06 09:43:11.076151
1770392606.201536,4232.0,371,1.0820859670639038,0.06628935784101486,1770391979.8485086,2026-02-06 09:43:26.201536
1770392621.08229,4247.0,371,1.0738333463668823,0.07093093544244766,1770391979.7292626,2026-02-06 09:43:41.082290
1770392636.26334,4262.0,371,1.0614980459213257,0.060050755739212036,1770391979.9103127,2026-02-06 09:43:56.263340
1770392651.567245,4277.0,371,1.057754635810852,0.05677325278520584,1770391980.2142177,2026-02-06 09:44:11.567245
1770392666.182356,4292.0,371,1.06625235080719,0.06314628571271896,1770391979.8293288,2026-02-06 09:44:26.182356
1770392681.22557,4307.0,371,1.0560036897659302,0.05789807066321373,1770391979.8725426,2026-02-06 09:44:41.225570
1770392696.271362,4322.0,371,1.0633296966552734,0.06478634476661682,1770391979.9183347,2026-02-06 09:44:56.271362
1770392711.159199,4337.0,371,1.0629589557647705,0.07600844651460648,1770391979.8061717,2026-02-06 09:45:11.159199
1770392726.593157,4352.0,371,1.0604429244995117,0.05898299813270569,1770391980.2401297,2026-02-06 09:45:26.593157
1770392741.146645,4367.0,371,1.0684123039245605,0.07178683578968048,1770391979.7936177,2026-02-06 09:45:41.146645
1770392756.160503,4382.0,371,1.0774716138839722,0.07415220141410828,1770391979.8074756,2026-02-06 09:45:56.160503
1770392771.207975,4397.0,371,1.076514720916748,0.07167848199605942,1770391979.8549476,2026-02-06 09:46:11.207975
1770392786.267201,4412.0,371,1.0616708993911743,0.060263123363256454,1770391979.9141736,2026-02-06 09:46:26.267201
1770392801.528421,4427.0,371,1.0718199014663696,0.07011991739273071,1770391980.1753936,2026-02-06 09:46:41.528421
1770392816.203312,4442.0,371,1.0692474842071533,0.08401600271463394,1770391979.8502846,2026-02-06 09:46:56.203312
1770392831.205346,4457.0,371,1.0654478073120117,0.06850092113018036,1770391979.8523188,2026-02-06 09:47:11.205346
1770392840.571228,4467.0,372,1.5933210849761963,0.32109972834587097,1770391979.2182007,2026-02-06 09:47:20.571228
1770392841.550715,4468.0,373,1.0069841146469116,0.03524302691221237,1770391979.1976876,2026-02-06 09:47:21.550715
1770392842.549433,4469.0,373,0.9129140377044678,0.04413551464676857,1770391979.1964056,2026-02-06 09:47:22.549433
1770392843.507894,4470.0,373,0.9636197090148926,0.1326247602701187,1770391979.1548667,2026-02-06 09:47:23.507894
1770392844.530331,4471.0,373,1.002398133277893,0.04816456139087677,1770391979.1773036,2026-02-06 09:47:24.530331
1770392845.560826,4472.0,373,1.215551733970642,0.1343555897474289,1770391979.2077987,2026-02-06 09:47:25.560826
1770392846.671334,4473.0,373,1.2108752727508545,0.12502269446849823,1770391979.3183067,2026-02-06 09:47:26.671334
1770392847.598452,4474.0,373,1.0141785144805908,0.07707826793193817,1770391979.2454247,2026-02-06 09:47:27.598452
1770392848.490906,4475.0,374,1.164703369140625,0.26591920852661133,1770391979.1378787,2026-02-06 09:47:28.490906
1770392849.575593,4476.0,374,0.962468147277832,-0.006890782155096531,1770391979.2225657,2026-02-06 09:47:29.575593
1770392850.890928,4477.0,374,1.1059792041778564,0.09623382240533829,1770391979.5379007,2026-02-06 09:47:30.890928
1770392851.672301,4478.0,374,1.0102474689483643,0.0348406620323658,1770391979.3192737,2026-02-06 09:47:31.672301
1770392852.565328,4479.0,374,1.0620707273483276,0.06250619143247604,1770391979.2123005,2026-02-06 09:47:32.565328
1770392853.590476,4480.0,374,1.0157628059387207,0.011828692629933357,1770391979.2374487,2026-02-06 09:47:33.590476
1770392854.547417,4481.0,374,1.0247052907943726,0.05782182142138481,1770391979.1943896,2026-02-06 09:47:34.547417
1770392855.509638,4482.0,374,1.020780086517334,0.06704370677471161,1770391979.1566107,2026-02-06 09:47:35.509638
1770392856.774075,4483.0,374,1.0723925828933716,0.05683523789048195,1770391979.4210477,2026-02-06 09:47:36.774075
1770392857.668611,4484.0,374,1.0552691221237183,0.05807877331972122,1770391979.3155837,2026-02-06 09:47:37.668611
1770392862.647891,4489.0,375,1.3938277959823608,0.3034326136112213,1770391979.2948637,2026-02-06 09:47:42.647891
1770392863.722958,4490.0,375,1.0245614051818848,0.009318831376731396,1770391979.3699307,2026-02-06 09:47:43.722958
1770392864.631912,4491.0,376,1.3360939025878906,0.730075478553772,1770391979.2788846,2026-02-06 09:47:44.631912
1770392865.652138,4492.0,377,1.0488531589508057,0.044393740594387054,1770391979.2991107,2026-02-06 09:47:45.652138
1770392867.022597,4493.0,377,1.0349246263504028,0.037347979843616486,1770391979.6695697,2026-02-06 09:47:47.022597
1770392867.757919,4494.0,377,1.037049651145935,0.03752964735031128,1770391979.4048917,2026-02-06 09:47:47.757919
1770392868.653579,4495.0,377,1.0546094179153442,0.04301461949944496,1770391979.3005517,2026-02-06 09:47:48.653579
1770392869.67155,4496.0,377,1.0370752811431885,0.03885617107152939,1770391979.3185227,2026-02-06 09:47:49.671550
1770392870.633198,4497.0,377,1.0421415567398071,0.04174762964248657,1770391979.2801707,2026-02-06 09:47:50.633198
1770392871.876451,4498.0,377,1.0374213457107544,0.03802580013871193,1770391979.5234237,2026-02-06 09:47:51.876451
1770392872.673912,4499.0,377,1.0407084226608276,0.04153381288051605,1770391979.3208847,2026-02-06 09:47:52.673912
1770392873.684294,4500.0,377,1.0396509170532227,0.04367277771234512,1770391979.3312666,2026-02-06 09:47:53.684294
1770392874.722471,4501.0,377,1.0364623069763184,0.030634891241788864,1770391979.3694437,2026-02-06 09:47:54.722471
1770392889.674206,4516.0,377,0.9759236574172974,0.007981176488101482,1770391979.3211787,2026-02-06 09:48:09.674206
1770392904.716211,4531.0,377,1.0288468599319458,-0.0007412594277411699,1770391979.3631837,2026-02-06 09:48:24.716211
1770392908.913417,4535.0,378,1.4481909275054932,0.30169999599456787,1770391979.5603898,2026-02-06 09:48:28.913417
1770392909.931486,4536.0,379,1.1283762454986572,0.056341372430324554,1770391979.5784585,2026-02-06 09:48:29.931486
1770392910.924749,4537.0,379,1.1450217962265015,-0.032783713191747665,1770391979.5717216,2026-02-06 09:48:30.924749
1770392912.094911,4538.0,379,0.9492127895355225,-0.019064348191022873,1770391979.7418838,2026-02-06 09:48:32.094911
1770392912.93242,4539.0,379,1.1719120740890503,0.07528000324964523,1770391979.5793927,2026-02-06 09:48:32.932420
1770392913.893276,4540.0,379,1.0199342966079712,0.004213667940348387,1770391979.5402486,2026-02-06 09:48:33.893276
1770392915.33747,4541.0,379,0.9960311055183411,-0.0012218921910971403,1770391979.9844427,2026-02-06 09:48:35.337470
1770392916.093461,4542.0,379,1.002347707748413,0.0006052763783372939,1770391979.7404337,2026-02-06 09:48:36.093461
1770392917.055391,4543.0,379,0.9988718032836914,-0.0002636006975080818,1770391979.7023637,2026-02-06 09:48:37.055391
1770392917.926472,4544.0,379,1.0073027610778809,-0.00948298629373312,1770391979.5734446,2026-02-06 09:48:37.926472
1770392918.932688,4545.0,379,1.014945387840271,-0.0009241357329301536,1770391979.5796607,2026-02-06 09:48:38.932688
1770392933.933755,4560.0,379,1.0034385919570923,-0.0013934330781921744,1770391979.5807276,2026-02-06 09:48:53.933755
1770392948.989884,4575.0,379,0.9828783869743347,-0.018482595682144165,1770391979.6368566,2026-02-06 09:49:08.989884
1770392957.406143,4583.0,380,1.525430679321289,0.3109571635723114,1770391980.0531156,2026-02-06 09:49:17.406143
1770392958.233121,4584.0,380,1.093654990196228,0.03381961211562157,1770391979.8800936,2026-02-06 09:49:18.233121
1770392959.315246,4585.0,380,0.8791848421096802,-0.031065398827195168,1770391979.9622188,2026-02-06 09:49:19.315246
1770392960.214088,4586.0,380,0.9720796942710876,0.05186435580253601,1770391979.8610606,2026-02-06 09:49:20.214088
1770392961.338621,4587.0,380,1.0608043670654297,0.057509344071149826,1770391979.9855936,2026-02-06 09:49:21.338621
1770392962.374677,4588.0,380,1.0358895063400269,0.06248548999428749,1770391980.0216496,2026-02-06 09:49:22.374677
1770392963.306286,4589.0,380,1.0568712949752808,0.058750301599502563,1770391979.9532588,2026-02-06 09:49:23.306286
1770392964.354665,4590.0,380,1.0716403722763062,0.06646004319190979,1770391980.0016377,2026-02-06 09:49:24.354665
1770392965.314157,4591.0,380,1.0999599695205688,0.09042835235595703,1770391979.9611297,2026-02-06 09:49:25.314157
1770392966.53753,4592.0,380,1.1127744913101196,0.08679971098899841,1770391980.1845026,2026-02-06 09:49:26.537530
1770392981.396959,4607.0,380,1.0601787567138672,0.08405845612287521,1770391980.0439317,2026-02-06 09:49:41.396959
1770392989.495218,4616.0,381,1.5885988473892212,0.3174196779727936,1770391979.1421907,2026-02-06 09:49:49.495218
1770392990.45512,4617.0,382,2.07816219329834,0.3909077048301697,1770391979.1020927,2026-02-06 09:49:50.455120
1770392991.715183,4618.0,383,1.2384260892868042,0.11411595344543457,1770391979.3621557,2026-02-06 09:49:51.715183
1770392992.689826,4619.0,383,1.0363671779632568,0.040563587099313736,1770391979.3367987,2026-02-06 09:49:52.689826
1770392993.50016,4620.0,383,1.0308738946914673,0.03436470031738281,1770391979.1471326,2026-02-06 09:49:53.500160
1770392994.475691,4621.0,383,1.0238012075424194,0.04099683836102486,1770391979.1226637,2026-02-06 09:49:54.475691
1770392995.375144,4622.0,383,1.0380833148956299,0.04255160689353943,1770391979.0221167,2026-02-06 09:49:55.375144
1770392996.396388,4623.0,383,1.0446789264678955,0.041731905192136765,1770391979.0433607,2026-02-06 09:49:56.396388
1770392997.48145,4624.0,383,1.0350366830825806,0.04007931426167488,1770391979.1284227,2026-02-06 09:49:57.481450
1770392998.648794,4625.0,383,1.0263065099716187,0.022965144366025925,1770391979.2957666,2026-02-06 09:49:58.648794
1770392999.583023,4626.0,383,1.0404157638549805,0.03583822399377823,1770391979.2299957,2026-02-06 09:49:59.583023
1770393000.475063,4627.0,383,1.0564018487930298,0.061967652291059494,1770391979.1220357,2026-02-06 09:50:00.475063
1770393015.477379,4642.0,383,1.072318434715271,0.05423013120889664,1770391979.1243517,2026-02-06 09:50:15.477379
1770393030.614254,4657.0,383,1.056512713432312,0.05925671011209488,1770391979.2612267,2026-02-06 09:50:30.614254
1770393032.577489,4659.0,384,1.4879213571548462,0.3063461482524872,1770391979.2244616,2026-02-06 09:50:32.577489
1770393033.97579,4660.0,385,1.016756534576416,0.05994518846273422,1770391979.6227627,2026-02-06 09:50:33.975790
1770393034.822774,4661.0,385,1.24529230594635,0.2079819142818451,1770391979.4697466,2026-02-06 09:50:34.822774
1770393035.617335,4662.0,385,1.062164306640625,0.04724285006523132,1770391979.2643077,2026-02-06 09:50:35.617335
1770393036.597616,4663.0,385,1.072813630104065,0.07065333425998688,1770391979.2445886,2026-02-06 09:50:36.597616
1770393037.497121,4664.0,385,1.0868059396743774,0.055501338094472885,1770391979.1440938,2026-02-06 09:50:37.497121
1770393038.514317,4665.0,386,1.6257026195526123,0.4129774272441864,1770391979.1612897,2026-02-06 09:50:38.514317
1770393039.577811,4666.0,387,0.8321189880371094,-0.08486054837703705,1770391979.2247837,2026-02-06 09:50:39.577811
1770393040.631406,4667.0,387,1.0780357122421265,0.016348090022802353,1770391979.2783787,2026-02-06 09:50:40.631406
1770393041.527354,4668.0,388,2.1613075733184814,0.7435381412506104,1770391979.1743267,2026-02-06 09:50:41.527354
1770393042.532162,4669.0,391,1.9503636360168457,0.552164614200592,1770391979.1791346,2026-02-06 09:50:42.532162
1770393043.617192,4670.0,392,1.0172501802444458,0.17013320326805115,1770391979.2641647,2026-02-06 09:50:43.617192
1770393044.530691,4671.0,392,1.0241200923919678,-0.01184171810746193,1770391979.1776636,2026-02-06 09:50:44.530691
1770393045.654339,4672.0,392,1.0444319248199463,0.02100210078060627,1770391979.3013117,2026-02-06 09:50:45.654339
1770393046.633459,4673.0,392,0.8412044644355774,0.022280720993876457,1770391979.2804317,2026-02-06 09:50:46.633459
1770393047.516484,4674.0,392,1.0266395807266235,0.04369622468948364,1770391979.1634567,2026-02-06 09:50:47.516484
1770393048.619485,4675.0,393,1.2669116258621216,0.43833765387535095,1770391979.2664576,2026-02-06 09:50:48.619485
1770393049.561904,4676.0,393,0.9248437285423279,0.04909117892384529,1770391979.2088766,2026-02-06 09:50:49.561904
1770393050.518002,4677.0,393,1.1450462341308594,0.12171018123626709,1770391979.1649747,2026-02-06 09:50:50.518002
1770393051.536729,4678.0,393,1.1148743629455566,0.05593091621994972,1770391979.1837018,2026-02-06 09:50:51.536729
1770393052.616885,4679.0,393,1.0775606632232666,0.09042178094387054,1770391979.2638576,2026-02-06 09:50:52.616885
1770393053.577565,4680.0,393,1.1067109107971191,0.15451176464557648,1770391979.2245376,2026-02-06 09:50:53.577565
1770393054.537884,4681.0,393,0.9696912169456482,0.03888779506087303,1770391979.1848567,2026-02-06 09:50:54.537884
1770393055.669052,4682.0,393,1.0651088953018188,0.0840013176202774,1770391979.3160245,2026-02-06 09:50:55.669052
1770393056.649337,4683.0,394,0.40708720684051514,-0.27984052896499634,1770391979.2963097,2026-02-06 09:50:56.649337
1770393057.587719,4684.0,394,1.3528469800949097,0.14962905645370483,1770391979.2346916,2026-02-06 09:50:57.587719
1770393058.76964,4685.0,395,1.083522915840149,0.16342617571353912,1770391979.4166126,2026-02-06 09:50:58.769640
1770393059.959984,4686.0,395,0.9429088234901428,-0.16108791530132294,1770391979.6069567,2026-02-06 09:50:59.959984
1770393060.669849,4687.0,395,1.1149013042449951,0.19574417173862457,1770391979.3168216,2026-02-06 09:51:00.669849
1770393061.825083,4688.0,395,1.2489807605743408,0.17914606630802155,1770391979.4720557,2026-02-06 09:51:01.825083
1770393062.63753,4689.0,395,1.0714200735092163,0.07442229986190796,1770391979.2845027,2026-02-06 09:51:02.637530
1770393063.590579,4690.0,395,1.1001676321029663,0.0744907334446907,1770391979.2375517,2026-02-06 09:51:03.590579
1770393064.617737,4691.0,395,1.080417513847351,0.06599729508161545,1770391979.2647097,2026-02-06 09:51:04.617737
1770393065.870203,4692.0,395,1.0744794607162476,0.06916014105081558,1770391979.5171757,2026-02-06 09:51:05.870203
1770393066.728324,4693.0,395,1.0666029453277588,0.06752126663923264,1770391979.3752966,2026-02-06 09:51:06.728324
1770393067.615429,4694.0,395,1.210078477859497,0.10764510929584503,1770391979.2624016,2026-02-06 09:51:07.615429
1770393082.680594,4709.0,395,1.0933727025985718,0.06482279300689697,1770391979.3275666,2026-02-06 09:51:22.680594
1770393086.231006,4712.0,396,1.4732632637023926,0.3167146146297455,1770391979.8779786,2026-02-06 09:51:26.231006
1770393087.298412,4713.0,397,0.762082040309906,-0.1009681299328804,1770391979.9453847,2026-02-06 09:51:27.298412
1770393088.199611,4714.0,398,1.083030104637146,0.09312254190444946,1770391979.8465836,2026-02-06 09:51:28.199611
1770393089.43799,4715.0,398,0.9014638066291809,0.02930680848658085,1770391980.0849626,2026-02-06 09:51:29.437990
1770393090.424693,4716.0,398,1.1417845487594604,0.07256698608398438,1770391980.0716658,2026-02-06 09:51:30.424693
1770393091.262182,4717.0,398,0.9300515651702881,-0.03986823186278343,1770391979.9091547,2026-02-06 09:51:31.262182
1770393092.217971,4718.0,398,1.0397926568984985,0.07810218632221222,1770391979.8649437,2026-02-06 09:51:32.217971
1770393093.299303,4719.0,398,1.0198181867599487,0.057756129652261734,1770391979.9462757,2026-02-06 09:51:33.299303
1770393094.260485,4720.0,398,1.0373215675354004,0.04816783219575882,1770391979.9074576,2026-02-06 09:51:34.260485
1770393095.485637,4721.0,398,1.1231045722961426,0.0781642273068428,1770391980.1326096,2026-02-06 09:51:35.485637
1770393096.374675,4722.0,398,1.0693035125732422,0.0825464129447937,1770391980.0216477,2026-02-06 09:51:36.374675
1770393097.263294,4723.0,398,1.0540616512298584,0.0481504425406456,1770391979.9102666,2026-02-06 09:51:37.263294
1770393112.439228,4738.0,398,1.0700583457946777,0.08044731616973877,1770391980.0862007,2026-02-06 09:51:52.439228
1770393124.615237,4751.0,399,1.6206740140914917,0.3051503896713257,1770391979.2622097,2026-02-06 09:52:04.615237
1770393125.631254,4752.0,399,1.0060124397277832,0.012218999676406384,1770391979.2782266,2026-02-06 09:52:05.631254
1770393126.840975,4753.0,399,1.0127832889556885,0.10445161163806915,1770391979.4879477,2026-02-06 09:52:06.840975
1770393127.779993,4754.0,399,1.03948974609375,0.09809674322605133,1770391979.4269657,2026-02-06 09:52:07.779993
1770393128.665627,4755.0,399,0.9082702994346619,-0.1611972600221634,1770391979.3125997,2026-02-06 09:52:08.665627
1770393129.782035,4756.0,401,1.0472372770309448,0.20686671137809753,1770391979.4290078,2026-02-06 09:52:09.782035
1770393130.619331,4757.0,401,0.9272518754005432,0.06557976454496384,1770391979.2663035,2026-02-06 09:52:10.619331
1770393131.801296,4758.0,402,1.112683653831482,0.002305922331288457,1770391979.4482687,2026-02-06 09:52:11.801296
1770393132.73306,4759.0,403,1.0505280494689941,0.22445148229599,1770391979.3800325,2026-02-06 09:52:12.733060
1770393133.683396,4760.0,404,1.0996644496917725,0.05714802443981171,1770391979.3303688,2026-02-06 09:52:13.683396
1770393134.76075,4761.0,406,1.1549808979034424,0.2148119956254959,1770391979.4077227,2026-02-06 09:52:14.760750
1770393136.102802,4762.0,407,1.1583720445632935,-0.22580140829086304,1770391979.7497747,2026-02-06 09:52:16.102802
1770393137.152086,4763.0,409,1.1878947019577026,0.326903373003006,1770391979.7990587,2026-02-06 09:52:17.152086
1770393137.926928,4764.0,410,1.040959119796753,-0.022111937403678894,1770391979.5739007,2026-02-06 09:52:17.926928
1770393138.66046,4765.0,411,1.4166353940963745,0.1407485157251358,1770391979.3074327,2026-02-06 09:52:18.660460
1770393139.679143,4766.0,411,1.039394497871399,0.06657348573207855,1770391979.3261156,2026-02-06 09:52:19.679143
1770393140.646066,4767.0,411,1.1263782978057861,0.05526761710643768,1770391979.2930386,2026-02-06 09:52:20.646066
1770393141.9365,4768.0,411,0.9778430461883545,0.004315494559705257,1770391979.5834727,2026-02-06 09:52:21.936500
1770393142.897132,4769.0,411,0.999942421913147,0.030144114047288895,1770391979.5441046,2026-02-06 09:52:22.897132
1770393143.77843,4770.0,411,1.0289674997329712,0.01656874269247055,1770391979.4254026,2026-02-06 09:52:23.778430
1770393144.837732,4771.0,411,1.0129189491271973,0.010919230058789253,1770391979.4847047,2026-02-06 09:52:24.837732
1770393145.680578,4772.0,411,1.0155874490737915,0.022291842848062515,1770391979.3275506,2026-02-06 09:52:25.680578
1770393146.780559,4773.0,411,1.0603017807006836,0.00962369330227375,1770391979.4275317,2026-02-06 09:52:26.780559
1770393147.969432,4774.0,411,1.020039677619934,0.026383014395833015,1770391979.6164048,2026-02-06 09:52:27.969432
1770393162.668036,4789.0,411,0.9578543901443481,0.012052558362483978,1770391979.3150086,2026-02-06 09:52:42.668036
1770393174.722668,4801.0,412,1.769425630569458,0.3164370656013489,1770391979.3696406,2026-02-06 09:52:54.722668
1770393175.741004,4802.0,413,0.93816739320755,0.04080355167388916,1770391979.3879766,2026-02-06 09:52:55.741004
1770393176.76145,4803.0,413,0.9992327094078064,0.01297631673514843,1770391979.4084227,2026-02-06 09:52:56.761450
1770393178.135138,4804.0,414,1.0843380689620972,0.22953927516937256,1770391979.7821107,2026-02-06 09:52:58.135138
1770393179.03435,4805.0,414,1.0131958723068237,-0.004324648529291153,1770393179.6935296,2026-02-06 09:52:59.034350
1770393179.744349,4806.0,414,1.0768500566482544,-0.03133019432425499,1770393179.4035287,2026-02-06 09:52:59.744349
1770393180.662074,4807.0,414,1.3334264755249023,0.23838171362876892,1770393179.3212538,2026-02-06 09:53:00.662074
1770393181.631038,4808.0,414,1.0895664691925049,0.012178853154182434,1770393179.2902176,2026-02-06 09:53:01.631038
1770393182.487431,4809.0,414,0.9708248972892761,0.08828489482402802,1770393179.1466107,2026-02-06 09:53:02.487431
1770393183.540724,4810.0,416,0.8258534669876099,-0.14553594589233398,1770393179.1999037,2026-02-06 09:53:03.540724
1770393184.808204,4811.0,417,0.8345160484313965,0.04545752331614494,1770393179.4673836,2026-02-06 09:53:04.808204
1770393185.670742,4812.0,418,1.2081845998764038,0.1533520370721817,1770393179.3299217,2026-02-06 09:53:05.670742
1770393186.597455,4813.0,418,1.1066621541976929,-0.005077956710010767,1770393179.2566347,2026-02-06 09:53:06.597455
1770393187.568561,4814.0,418,1.1584097146987915,0.13877718150615692,1770393179.2277408,2026-02-06 09:53:07.568561
1770393188.472818,4815.0,418,1.333027720451355,0.21241259574890137,1770393179.1319976,2026-02-06 09:53:08.472818
1770393189.48116,4816.0,418,1.1948063373565674,0.22749191522598267,1770393179.1403396,2026-02-06 09:53:09.481160
1770393190.513822,4817.0,418,1.1619547605514526,0.13818876445293427,1770393179.1730018,2026-02-06 09:53:10.513822
1770393191.522129,4818.0,418,1.127012848854065,0.14577347040176392,1770393179.1813087,2026-02-06 09:53:11.522129
1770393192.539619,4819.0,418,1.0382624864578247,0.02214149571955204,1770393179.1987987,2026-02-06 09:53:12.539619
1770393193.624756,4820.0,420,1.0853580236434937,0.4462536871433258,1770393179.2839358,2026-02-06 09:53:13.624756
1770393194.639966,4821.0,422,2.196009635925293,0.45323416590690613,1770393179.2991457,2026-02-06 09:53:14.639966
1770393195.540807,4822.0,424,2.128539800643921,0.3897770047187805,1770393179.1999867,2026-02-06 09:53:15.540807
1770393196.56223,4823.0,425,0.9794039130210876,-0.0025960146449506283,1770393179.2214098,2026-02-06 09:53:16.562230
1770393197.897467,4824.0,425,1.031664252281189,0.12220795452594757,1770393179.5566466,2026-02-06 09:53:17.897467
1770393198.788605,4825.0,425,1.3509703874588013,0.1197284534573555,1770393179.4477847,2026-02-06 09:53:18.788605
1770393199.634979,4826.0,426,0.9079030752182007,-0.011707520112395287,1770393179.2941587,2026-02-06 09:53:19.634979
1770393200.63826,4827.0,426,1.2911348342895508,0.27720513939857483,1770393179.2974396,2026-02-06 09:53:20.638260
1770393201.662502,4828.0,427,1.357551097869873,0.26841598749160767,1770393179.3216817,2026-02-06 09:53:21.662502
1770393202.944649,4829.0,428,1.7464702129364014,0.4328020215034485,1770393179.6038287,2026-02-06 09:53:22.944649
1770393203.916703,4830.0,429,1.3286011219024658,0.10242686420679092,1770393179.5758827,2026-02-06 09:53:23.916703
1770393204.783947,4831.0,429,0.9346731901168823,-0.045476287603378296,1770393179.4431267,2026-02-06 09:53:24.783947
1770393205.582065,4832.0,429,1.2810921669006348,0.12548111379146576,1770393179.2412448,2026-02-06 09:53:25.582065
1770393206.578803,4833.0,429,1.1132694482803345,0.1444452553987503,1770393179.2379827,2026-02-06 09:53:26.578803
1770393207.542252,4834.0,429,0.9282768964767456,0.06707834452390671,1770393179.2014318,2026-02-06 09:53:27.542252
1770393208.862154,4835.0,429,1.0924673080444336,0.09522411227226257,1770393179.5213337,2026-02-06 09:53:28.862154
1770393209.754365,4836.0,431,1.2476377487182617,0.0009439584682695568,1770393179.4135447,2026-02-06 09:53:29.754365
1770393210.613478,4837.0,432,1.3998591899871826,-0.1129009798169136,1770393179.2726576,2026-02-06 09:53:30.613478
1770393211.562223,4838.0,433,1.306911587715149,0.0456608310341835,1770393179.2214026,2026-02-06 09:53:31.562223
1770393212.643147,4839.0,434,0.848759651184082,-0.07642979919910431,1770393179.3023267,2026-02-06 09:53:32.643147
1770393214.06673,4840.0,434,1.1378228664398193,0.08523929864168167,1770393179.7259097,2026-02-06 09:53:34.066730
1770393214.598846,4841.0,434,0.9204493761062622,0.09517394751310349,1770393179.2580256,2026-02-06 09:53:34.598846
1770393215.775564,4842.0,434,1.2061649560928345,0.15774837136268616,1770393179.4347436,2026-02-06 09:53:35.775564
1770393216.660881,4843.0,434,1.4091815948486328,0.2710758149623871,1770393179.3200607,2026-02-06 09:53:36.660881
1770393217.56213,4844.0,436,0.8695291876792908,-0.006402470171451569,1770393179.2213097,2026-02-06 09:53:37.562130
1770393218.581592,4845.0,437,1.7161835432052612,0.15565453469753265,1770393179.2407718,2026-02-06 09:53:38.581592
1770393219.79445,4846.0,438,1.258286476135254,0.07685296982526779,1770393179.4536297,2026-02-06 09:53:39.794450
1770393220.665582,4847.0,439,1.0184056758880615,0.01263589970767498,1770393179.3247616,2026-02-06 09:53:40.665582
1770393221.583871,4848.0,439,1.0279951095581055,0.08250266313552856,1770393179.2430506,2026-02-06 09:53:41.583871
1770393222.602723,4849.0,439,1.0617090463638306,0.04092991352081299,1770393179.2619026,2026-02-06 09:53:42.602723
1770393223.784291,4850.0,439,0.8854501247406006,-0.04911470785737038,1770393179.4434707,2026-02-06 09:53:43.784291
1770393224.581276,4851.0,439,1.1225733757019043,0.09236378222703934,1770393179.2404556,2026-02-06 09:53:44.581276
1770393225.603271,4852.0,439,0.9029374122619629,-0.011582239530980587,1770393179.2624507,2026-02-06 09:53:45.603271
1770393226.708758,4853.0,441,1.1565920114517212,0.31262069940567017,1770393179.3679378,2026-02-06 09:53:46.708758
1770393227.879965,4854.0,441,1.2454705238342285,0.051384616643190384,1770393179.5391448,2026-02-06 09:53:47.879965
1770393228.663352,4855.0,441,1.052037000656128,0.04431002587080002,1770393179.3225317,2026-02-06 09:53:48.663352
1770393229.923768,4856.0,441,1.1328773498535156,0.052496012300252914,1770393179.5829477,2026-02-06 09:53:49.923768
1770393230.725,4857.0,441,1.3775274753570557,0.1997690051794052,1770393179.3841796,2026-02-06 09:53:50.725000
1770393231.722311,4858.0,441,0.9517971873283386,0.010013465769588947,1770393179.3814907,2026-02-06 09:53:51.722311
1770393232.928818,4859.0,441,1.0627408027648926,0.03496446833014488,1770393179.5879977,2026-02-06 09:53:52.928818
1770393233.788197,4860.0,442,1.1218717098236084,0.18612167239189148,1770393179.4473767,2026-02-06 09:53:53.788197
1770393234.664755,4861.0,442,1.1025696992874146,0.0367899164557457,1770393179.3239348,2026-02-06 09:53:54.664755
1770393235.739284,4862.0,442,0.9036597609519958,-0.011340109631419182,1770393179.3984637,2026-02-06 09:53:55.739284
1770393236.639376,4863.0,442,1.1188480854034424,0.1053483709692955,1770393179.2985556,2026-02-06 09:53:56.639376
1770393237.773858,4864.0,443,1.249333143234253,0.31942442059516907,1770393179.4330378,2026-02-06 09:53:57.773858
1770393238.683058,4865.0,443,0.9645522236824036,-0.04967089742422104,1770393179.3422377,2026-02-06 09:53:58.683058
1770393239.7031,4866.0,443,1.1635032892227173,0.12143077701330185,1770393179.3622797,2026-02-06 09:53:59.703100
1770393240.886944,4867.0,443,1.0571963787078857,0.049118366092443466,1770393179.5461237,2026-02-06 09:54:00.886944
1770393241.742155,4868.0,443,1.021370530128479,0.012233011424541473,1770393179.4013348,2026-02-06 09:54:01.742155
1770393242.641683,4869.0,443,1.0144544839859009,0.010767367668449879,1770393179.3008628,2026-02-06 09:54:02.641683
1770393243.663436,4870.0,444,0.8229854106903076,-0.22418612241744995,1770393179.3226156,2026-02-06 09:54:03.663436
1770393244.952644,4871.0,444,0.5953738689422607,-0.07968639582395554,1770393179.6118238,2026-02-06 09:54:04.952644
1770393245.780636,4872.0,445,1.3545973300933838,-0.14180289208889008,1770393179.4398158,2026-02-06 09:54:05.780636
1770393246.662719,4873.0,448,0.37433940172195435,-0.43021079897880554,1770393179.3218987,2026-02-06 09:54:06.662719
1770393247.684032,4874.0,451,2.5166757106781006,0.7478891611099243,1770393179.3432117,2026-02-06 09:54:07.684032
1770393248.894035,4875.0,454,0.6053544282913208,-0.30572694540023804,1770393179.5532148,2026-02-06 09:54:08.894035
1770393249.727686,4876.0,456,0.8310108184814453,-0.0752624049782753,1770393179.3868656,2026-02-06 09:54:09.727686
1770393250.682939,4877.0,456,0.9848415851593018,0.05001477524638176,1770393179.3421187,2026-02-06 09:54:10.682939
1770393251.958841,4878.0,456,0.9984318017959595,0.031093493103981018,1770393179.6180208,2026-02-06 09:54:11.958841
1770393252.753308,4879.0,456,1.0197147130966187,-0.0031014566775411367,1770393179.4124877,2026-02-06 09:54:12.753308
1770393253.67922,4880.0,457,0.7458136677742004,-0.009126241318881512,1770393179.3383996,2026-02-06 09:54:13.679220
1770393254.642255,4881.0,457,1.0957704782485962,0.07825852930545807,1770393179.3014348,2026-02-06 09:54:14.642255
1770393255.763188,4882.0,457,1.0917811393737793,0.06702142208814621,1770393179.4223676,2026-02-06 09:54:15.763188
1770393256.803645,4883.0,457,1.182748556137085,-0.046611323952674866,1770393179.4628246,2026-02-06 09:54:16.803645
1770393257.704137,4884.0,457,1.0106161832809448,0.013596760109066963,1770393179.3633168,2026-02-06 09:54:17.704137
1770393258.679024,4885.0,457,1.011953592300415,-0.02688201516866684,1770393179.3382037,2026-02-06 09:54:18.679024
1770393259.803684,4886.0,457,0.9877104759216309,0.00367754022590816,1770393179.4628637,2026-02-06 09:54:19.803684
1770393260.703178,4887.0,457,0.9765807390213013,0.0026162925641983747,1770393179.3623576,2026-02-06 09:54:20.703178
1770393261.725275,4888.0,457,1.004317045211792,0.015850495547056198,1770393179.3844547,2026-02-06 09:54:21.725275
1770393262.804268,4889.0,457,1.055289626121521,0.027832146733999252,1770393179.4634476,2026-02-06 09:54:22.804268
1770393276.663345,4903.0,458,1.666845440864563,0.3128097355365753,1770393179.3225248,2026-02-06 09:54:36.663345
1770393277.824406,4904.0,461,1.0634735822677612,0.35480737686157227,1770393179.4835856,2026-02-06 09:54:37.824406
1770393278.708157,4905.0,465,2.7460286617279053,1.3331265449523926,1770393179.3673368,2026-02-06 09:54:38.708157
1770393279.663916,4906.0,468,1.7556939125061035,0.9637470245361328,1770393179.3230958,2026-02-06 09:54:39.663916
1770393280.699496,4907.0,471,2.130737781524658,0.9727931022644043,1770393179.3586757,2026-02-06 09:54:40.699496
1770393281.772508,4908.0,472,1.1005948781967163,0.06494014710187912,1770393179.4316876,2026-02-06 09:54:41.772508
1770393282.724295,4909.0,472,1.0646075010299683,0.027204744517803192,1770393179.3834746,2026-02-06 09:54:42.724295
1770393283.625043,4910.0,472,0.8873662948608398,-0.017826976254582405,1770393179.2842226,2026-02-06 09:54:43.625043
1770393284.790096,4911.0,472,1.0725418329238892,0.09715299308300018,1770393179.4492757,2026-02-06 09:54:44.790096
1770393285.701446,4912.0,472,1.0620536804199219,-0.005862195044755936,1770393179.3606257,2026-02-06 09:54:45.701446
1770393286.740511,4913.0,474,1.8357938528060913,0.009798809885978699,1770393179.3996906,2026-02-06 09:54:46.740511
1770393287.64268,4914.0,476,1.3130460977554321,-0.03445233032107353,1770393179.3018596,2026-02-06 09:54:47.642680
1770393288.932813,4915.0,478,2.0352699756622314,0.7119019627571106,1770393179.5919926,2026-02-06 09:54:48.932813
1770393289.766386,4916.0,480,0.8161746263504028,-0.19580388069152832,1770393179.4255657,2026-02-06 09:54:49.766386
1770393290.743719,4917.0,480,1.2623568773269653,0.13244333863258362,1770393179.4028988,2026-02-06 09:54:50.743719
1770393291.723923,4918.0,480,1.1412370204925537,0.12222501635551453,1770393179.3831027,2026-02-06 09:54:51.723923
1770393292.742288,4919.0,480,0.26769760251045227,-0.3786717355251312,1770393179.4014678,2026-02-06 09:54:52.742288
1770393294.038249,4920.0,483,1.320698618888855,0.4576415419578552,1770393179.6974287,2026-02-06 09:54:54.038249
1770393294.673381,4921.0,484,1.8447785377502441,0.050067175179719925,1770393179.3325608,2026-02-06 09:54:54.673381
1770393295.683285,4922.0,486,1.126763939857483,-0.0658116564154625,1770393179.3424647,2026-02-06 09:54:55.683285
1770393296.64372,4923.0,486,0.9845080375671387,0.008917458355426788,1770393179.3028996,2026-02-06 09:54:56.643720
1770393297.67862,4924.0,487,0.9524468183517456,0.3334977626800537,1770393179.3377998,2026-02-06 09:54:57.678620
1770393298.68051,4925.0,487,0.8478714823722839,-0.14571669697761536,1770393179.3396897,2026-02-06 09:54:58.680510
1770393299.855484,4926.0,488,1.3543094396591187,0.12187749147415161,1770393179.5146637,2026-02-06 09:54:59.855484
1770393300.689872,4927.0,488,0.8057822585105896,0.0032991315238177776,1770393179.3490517,2026-02-06 09:55:00.689872
1770393301.855549,4928.0,488,1.3587384223937988,0.1176537573337555,1770393179.5147288,2026-02-06 09:55:01.855549
1770393302.874498,4929.0,488,0.9881285429000854,0.08237127959728241,1770393179.5336776,2026-02-06 09:55:02.874498
1770393303.725024,4930.0,488,0.37095150351524353,-0.3042122721672058,1770393179.3842037,2026-02-06 09:55:03.725024
1770393304.682328,4931.0,491,1.1459288597106934,0.4047929048538208,1770393179.3415077,2026-02-06 09:55:04.682328
1770393305.901924,4932.0,493,1.0355461835861206,0.6601774096488953,1770393179.5611036,2026-02-06 09:55:05.901924
1770393306.94324,4933.0,495,1.5264248847961426,0.6151080131530762,1770393179.6024196,2026-02-06 09:55:06.943240
1770393307.80462,4934.0,497,0.9534825682640076,0.037505343556404114,1770393179.4637997,2026-02-06 09:55:07.804620
1770393308.706085,4935.0,498,0.9140427112579346,0.03384411334991455,1770393179.3652647,2026-02-06 09:55:08.706085
1770393309.674959,4936.0,498,0.9990965723991394,0.016787013038992882,1770393179.3341386,2026-02-06 09:55:09.674959
1770393310.684426,4937.0,498,1.0172969102859497,0.06257332116365433,1770393179.3436058,2026-02-06 09:55:10.684426
1770393311.772988,4938.0,498,1.1480592489242554,0.09426099061965942,1770393179.4321678,2026-02-06 09:55:11.772988
1770393312.925469,4939.0,498,1.033902883529663,0.05837318301200867,1770393179.5846486,2026-02-06 09:55:12.925469
1770393313.795642,4940.0,499,1.0322494506835938,0.2111121267080307,1770393179.4548216,2026-02-06 09:55:13.795642
1770393314.769934,4941.0,499,1.2196725606918335,0.11511915922164917,1770393179.4291136,2026-02-06 09:55:14.769934
1770393315.725227,4942.0,499,1.134265422821045,0.1549154818058014,1770393179.3844068,2026-02-06 09:55:15.725227
1770393316.768419,4943.0,499,1.0855085849761963,0.08254674822092056,1770393179.4275987,2026-02-06 09:55:16.768419
1770393317.769374,4944.0,499,1.0372588634490967,-0.011229985393583775,1770393179.4285536,2026-02-06 09:55:17.769374
1770393319.047548,4945.0,499,1.1478030681610107,0.07290583103895187,1770393179.7067277,2026-02-06 09:55:19.047548
1770393319.804969,4946.0,499,0.9151207804679871,-0.024917535483837128,1770393179.4641488,2026-02-06 09:55:19.804969
1770393320.76538,4947.0,499,0.9844292998313904,0.06731176376342773,1770393179.4245596,2026-02-06 09:55:20.765380
1770393321.786202,4948.0,499,1.0099236965179443,-0.0138791399076581,1770393179.4453816,2026-02-06 09:55:21.786202
1770393322.805943,4949.0,499,0.950245201587677,-0.0053041488863527775,1770393179.4651227,2026-02-06 09:55:22.805943
1770393324.189852,4950.0,500,1.4233222007751465,0.3081905245780945,1770393179.8490317,2026-02-06 09:55:24.189852
1770393325.144508,4951.0,501,1.0059070587158203,0.026268245652318,1770393179.8036876,2026-02-06 09:55:25.144508
1770393326.166312,4952.0,501,0.9719269871711731,0.0645129457116127,1770393179.8254917,2026-02-06 09:55:26.166312
1770393327.521356,4953.0,501,0.9264065027236938,0.005873395130038261,1770393180.1805358,2026-02-06 09:55:27.521356
1770393328.462585,4954.0,501,1.0593494176864624,0.006365248467773199,1770393180.1217647,2026-02-06 09:55:28.462585
1770393329.341789,4955.0,501,0.824299693107605,-0.08377769589424133,1770393180.0009687,2026-02-06 09:55:29.341789
1770393330.185717,4956.0,501,1.011008858680725,0.0006857906701043248,1770393179.8448968,2026-02-06 09:55:30.185717
1770393331.391105,4957.0,501,0.9186996221542358,-0.0048207128420472145,1770393180.0502846,2026-02-06 09:55:31.391105
1770393332.167078,4958.0,501,1.0251580476760864,-0.01091773808002472,1770393179.8262577,2026-02-06 09:55:32.167078
1770393333.186501,4959.0,501,0.9507697224617004,0.04726722836494446,1770393179.8456807,2026-02-06 09:55:33.186501
1770393334.226652,4960.0,501,1.0714836120605469,-0.0012535987189039588,1770393179.8858316,2026-02-06 09:55:34.226652
1770393338.831144,4965.0,502,1.9349297285079956,0.33089590072631836,1770393179.4903238,2026-02-06 09:55:38.831144
1770393340.190093,4966.0,502,0.16967616975307465,-0.6651654839515686,1770393179.8492727,2026-02-06 09:55:40.190093
1770393340.929383,4967.0,504,0.654637336730957,-0.06551187485456467,1770393179.5885627,2026-02-06 09:55:40.929383
1770393341.905918,4968.0,506,0.8009251356124878,-0.261967271566391,1770393179.5650976,2026-02-06 09:55:41.905918
1770393342.858244,4969.0,508,0.8901286721229553,-0.016669832170009613,1770393179.5174236,2026-02-06 09:55:42.858244
1770393343.814204,4970.0,510,0.9423083066940308,0.13921818137168884,1770393179.4733837,2026-02-06 09:55:43.814204
1770393344.895271,4971.0,510,1.1450157165527344,0.16217437386512756,1770393179.5544508,2026-02-06 09:55:44.895271
1770393345.856367,4972.0,510,1.2419283390045166,0.23560813069343567,1770393179.5155468,2026-02-06 09:55:45.856367
1770393346.952848,4973.0,512,1.071572184562683,0.15386497974395752,1770393179.6120276,2026-02-06 09:55:46.952848
1770393347.849971,4974.0,512,1.056811809539795,0.0036995508708059788,1770393179.5091507,2026-02-06 09:55:47.849971
1770393348.842277,4975.0,512,0.8917000889778137,0.1104528158903122,1770393179.5014567,2026-02-06 09:55:48.842277
1770393349.806252,4976.0,512,1.079548954963684,0.02030470222234726,1770393179.4654317,2026-02-06 09:55:49.806252
1770393350.903441,4977.0,512,0.8635022044181824,-0.03662893548607826,1770393179.5626206,2026-02-06 09:55:50.903441
1770393352.102731,4978.0,512,0.9287567138671875,-0.008945788256824017,1770393179.7619107,2026-02-06 09:55:52.102731
1770393352.83555,4979.0,512,1.09391450881958,0.004532786086201668,1770393179.4947298,2026-02-06 09:55:52.835550
1770393353.894672,4980.0,512,1.1142144203186035,0.1682676076889038,1770393179.5538516,2026-02-06 09:55:53.894672
1770393354.91145,4981.0,512,0.9359300136566162,-0.05823896825313568,1770393179.5706296,2026-02-06 09:55:54.911450
1770393355.867089,4982.0,512,1.2624317407608032,0.2036800980567932,1770393179.5262687,2026-02-06 09:55:55.867089
1770393359.16622,4985.0,513,1.4216455221176147,0.30921241641044617,1770393179.8253996,2026-02-06 09:55:59.166220
1770393360.247876,4986.0,513,1.0651737451553345,0.07645493745803833,1770393179.9070556,2026-02-06 09:56:00.247876
1770393361.437024,4987.0,513,0.9677964448928833,0.08270680904388428,1770393180.0962038,2026-02-06 09:56:01.437024
1770393362.355869,4988.0,514,1.1451096534729004,0.1861739456653595,1770393180.0150487,2026-02-06 09:56:02.355869
1770393363.198137,4989.0,514,1.1431715488433838,0.030426520854234695,1770393179.8573167,2026-02-06 09:56:03.198137
1770393364.161568,4990.0,514,0.9566875100135803,-0.010438776575028896,1770393179.8207476,2026-02-06 09:56:04.161568
1770393365.167372,4991.0,514,1.2765899896621704,0.09584704786539078,1770393179.8265517,2026-02-06 09:56:05.167372
1770393366.189039,4992.0,514,0.9142570495605469,-0.020144477486610413,1770393179.8482187,2026-02-06 09:56:06.189039
